job_title,company,jobtype,region,working_Exp,edu_level,salary
數據分析師,"倍特系統整合有限公司
                    ",電腦系統整合服務業,新北市新莊區,2年以上,專科,"月薪40,000~60,000元"
營運數據分析師,"蘋果樹醫美診所
                    ",診所,台北市松山區,1年以上,大學,"月薪30,000~60,000元"
行銷數據分析師 Marketing Data Analysts,"以沛有限公司
                    ",廣告行銷公關業,台北市松山區,3年以上,大學,"月薪38,000~55,000元"
數據分析師_Data Analyst_PaGamO,"英屬維京群島商幫你優股份有限公司台灣分公司
                    ",電腦軟體服務業,台北市中正區,1年以上,大學,"年薪700,000~900,000元"
數據分析師,"大數據股份有限公司
                    ",其它軟體及網路相關業,台北市中山區,經歷不拘,大學,"月薪35,000~50,000元"
Business Analyst / 數據分析師,"瑞嘉軟體科技股份有限公司
                    ",電腦軟體服務業,台北市內湖區,1年以上,大學,"月薪42,000~83,740元"
數據分析師,"中佑資訊有限公司
                    ",網際網路相關業,台中市西屯區,經歷不拘,大學,"月薪35,000~45,000元"
數據分析師 Data Analyst,"悍創運動行銷股份有限公司
                    ",運動服務業,新竹縣竹北市,經歷不拘,大學,"月薪35,000~50,000元"
C111102-數據分析師,"旺矽科技股份有限公司
                    ",半導體製造業,新竹縣竹北市,經歷不拘,大學,"月薪28,000~60,000元"
【研發中心】數據分析師 (工作地點:泰國曼谷),"Millennium Star Trading L.L.C
                    ",網際網路相關業,東南亞,經歷不拘,大學,"月薪120,000~200,000元"
數據分析師,"薇客有限公司
                    ",工商顧問服務業,台北市中山區,2年以上,專科,"月薪50,000元以上"
大數據分析人員,"華南產物保險股份有限公司
                    ",產物保險業,台北市信義區,經歷不拘,大學,"月薪30,000~39,000元"
數據分析師(學士),"弈樂科技股份有限公司
                    ",網際網路相關業,台中市西屯區,經歷不拘,大學,"月薪35,000~60,000元"
商業數據分析師 Business Intelligence Analyst,"曙客股份有限公司
                    ",其它軟體及網路相關業,台北市松山區,3年以上,大學,"年薪630,000~840,000元"
數據分析師,"英屬維京群島商嘉碼科技有限公司台灣分公司
                    ",電腦系統整合服務業,台中市西屯區,1年以上,大學,"月薪40,000~60,000元"
(高階)數據分析師 Data Analyst／Data Scientist,"構思網路科技有限公司
                    ",網際網路相關業,台北市大安區,5年以上,大學,"年薪1,300,000~1,500,000元"
數據分析工程師 D2,"朝駿科技有限公司
                    ",網際網路相關業,台中市西屯區,1年以上,專科,"月薪50,000~65,000元"
D429 產業研究分析師/ 數據分析師(可遠端工作),"台灣大哥大股份有限公司
                    ",電信相關業,台北市信義區,3年以上,學歷不拘,"月薪31,000~53,000元"
數據師、大數據分析師(臺北市信義區),"鼎漢國際工程顧問股份有限公司
                    ",其他專業／科學及技術業,台北市信義區,經歷不拘,大學,"月薪30,000~50,000元"
遊戲數據分析師,"傳奇網路遊戲股份有限公司
                    ",網際網路相關業,台北市信義區,經歷不拘,高中,"月薪40,000~60,000元"
數據分析人員(總公司),玉山綜合證券股份有限公司,證券及期貨業,台北市松山區,1年以上,大學,"月薪35,000~50,000元"
AI大數據分析師,網際威信股份有限公司,電腦系統整合服務業,台北市內湖區,1年以上,大學,"年薪500,000~1,300,000元"
跨國團隊！Business Intelligence Analyst [E08],台北派兒有限公司,其它軟體及網路相關業,台北市大同區,2年以上,大學,"月薪50,000~70,000元"
數據分析顧問 Data Analyst Consultant (台北/Taipei),凱鈿行動科技股份有限公司,網際網路相關業,台北市中山區,1年以上,大學,"月薪32,000~72,000元"
數據分析師(碩士),弈樂科技股份有限公司,網際網路相關業,台中市西屯區,經歷不拘,碩士,"月薪44,000~69,000元"
資深數據分析師  (年薪 80-150萬),尚凡國際創新科技股份有限公司,網際網路相關業,台北市大安區,2年以上,專科,"年薪800,000~1,500,000元"
數據分析師,思偉達創新科技股份有限公司,其它軟體及網路相關業,台北市大安區,經歷不拘,專科,"月薪40,000~80,000元"
大數據分析實習生(長期),大數據股份有限公司,其它軟體及網路相關業,台北市中山區,經歷不拘,大學,時薪168元
數據分析專員,京站實業股份有限公司,百貨相關業,台北市大同區,2年以上,大學,"月薪34,000~39,000元"
數據分析師 Data Analyst／Data Scientist,構思網路科技有限公司,網際網路相關業,台北市大安區,2年以上,大學,"月薪50,000~70,000元"
數據分析專員(經營分析與數據運用),全家便利商店股份有限公司,量販流通相關業,台北市中山區,3年以上,碩士,"年薪610,000~690,000元"
【QuickseeK】輿情數據分析師,影響力數據顧問股份有限公司,廣告行銷公關業,台北市松山區,經歷不拘,大學,"月薪30,000~40,000元"
數據分析專員 - 資料分析師 (Business Data Analyst),豐趣科技股份有限公司,網際網路相關業,新竹縣竹東鎮,經歷不拘,大學,"月薪45,000~65,000元"
營運數據分析工程師【備宿舍】,岱妮蠶絲股份有限公司,鞋類／布類／服飾品零售業,新北市三重區,2年以上,學歷不拘,"月薪35,000~60,000元"
數據分析實習生(Data Analytics Engineer  Intern) _中部研發中心(虎尾),衛利生物科技股份有限公司,電腦軟體服務業,雲林縣虎尾鎮,經歷不拘,大學,時薪168~250元
遠東新世紀/數位整合中心/大數據分析師,遠東新世紀股份有限公司,紡織成衣業,新北市板橋區,經歷不拘,大學,"月薪38,000元以上"
數據分析工程師(SD),日月光半導體製造股份有限公司中壢分公司,半導體製造業,桃園市中壢區,經歷不拘,大學,"月薪35,000~80,000元"
NSR14 品質數據分析工程師,新普科技股份有限公司,電池製造業,新竹縣湖口鄉,3年以上,大學,"月薪37,000~47,000元"
(台北)（高雄）BI開發與數據分析工程師,德昂資訊股份有限公司,電腦軟體服務業,台北市松山區,經歷不拘,大學,"年薪500,000~800,000元"
客戶暨系統數據分析專員,豐卉有限公司,綜合商品批發代理業,台北市信義區,經歷不拘,專科,"月薪35,000~38,000元"
【台北】數據分析師/Data Analyst,康耐德股份有限公司,專門設計相關業,台北市松山區,經歷不拘,大學,"月薪32,000~60,000元"
統一超商數據分析主管(AI數位群),統一超商股份有限公司,百貨相關業,台北市信義區,2年以上,學歷不拘,"月薪35,000~41,000元"
BI 數據分析師,新穎資訊有限公司,電腦軟體服務業,台中市北區,1年以上,大學,"月薪38,000~70,000元"
數據分析企劃師,日月光半導體製造股份有限公司中壢分公司,半導體製造業,桃園市中壢區,1年以上,大學,"月薪35,000~80,000元"
資料分析師-BI,富蘭克林證券投資顧問股份有限公司,證券及期貨業,台北市大安區,3年以上,大學,"月薪60,000元以上"
PPA｜產品設計部｜數據分析師,PressPlay_瑞奧股份有限公司,廣告行銷公關業,台北市大同區,1年以上,專科,"年薪800,000~900,000元"
跨境電商 - OP營運數據分析專員,長天國際企業有限公司,網際網路相關業,台北市內湖區,經歷不拘,大學,"月薪36,000~42,000元"
【台北市】網路輿情大數據分析人員,趨勢民意調查股份有限公司,工商顧問服務業,台北市信義區,經歷不拘,大學,"月薪30,000~40,000元"
電子商務數據分析師,和盟電子商務股份有限公司,網際網路相關業,台北市中山區,2年以上,大學,"月薪30,000~50,000元"
醫務數據分析師,九鴻管理顧問有限公司,環境衛生及污染防治服務業,台中市西屯區,2年以上,大學,"月薪35,000~50,000元"
(APP)數據分析師_台北-疫情期間採視訊面試,尊博科技股份有限公司,電腦軟體服務業,台北市內湖區,2年以上,學歷不拘,"月薪45,000~69,000元"
Data Analyst 數據分析師(資訊處電腦組),臺灣電視事業股份有限公司,電視業,台北市松山區,經歷不拘,大學,"月薪35,000元以上"
(APP)數據分析師_台中-疫情期間採視訊面試,尊博科技股份有限公司,電腦軟體服務業,台中市西屯區,2年以上,學歷不拘,"月薪45,000~69,000元"
Data Analyst  數據分析師,瑞莫科技有限公司,其它軟體及網路相關業,台北市松山區,經歷不拘,大學,"月薪40,000~80,000元"
【視訊面試】數據分析師-B90B,台灣資服科技股份有限公司,電腦系統整合服務業,台中市北區,經歷不拘,大學,"月薪32,000~60,000元"
"#️⃣【Hot Jobs｜外商銀行巨擘】Data Analyst 數據分析人員(風控分析) / 起薪可談40-50K / 須熟SAS,R語言者佳 / 歡迎統計背景人才應徵｜BIS_233",藝珂人事顧問股份有限公司,人力仲介代徵,台北市信義區,經歷不拘,大學,"月薪40,000~55,000元"
Google Analytics 數據分析師 (GA Analyst),圖靈數位股份有限公司,其它軟體及網路相關業,台北市中正區,經歷不拘,大學,"月薪36,000~70,000元"
大數據資料分析師-智慧交通領域(IAD20),資拓宏宇國際股份有限公司,電腦軟體服務業,新北市板橋區,經歷不拘,大學,"月薪40,000元以上"
零碳數據分析經理,今時科技股份有限公司,網際網路相關業,台北市南港區,2年以上,大學,"年薪500,000~1,500,000元"
數據分析專員,唯數娛樂科技股份有限公司,電腦軟體服務業,台北市中正區,1年以上,大學,"月薪30,000~45,000元"
數據分析專員,唯數娛樂科技股份有限公司,電腦軟體服務業,台北市中正區,1年以上,大學,"月薪30,000~45,000元"
產業分析研究人員,社團法人台灣農業科技資源運籌管理學會,工商顧問服務業,台北市大同區,1年以上,大學,"年薪550,000~700,000元"
數據分析專員,全家便利商店股份有限公司,量販流通相關業,台北市中山區,2年以上,大學,"月薪38,000~41,000元"
數據分析師(台北),凱發科技股份有限公司,電腦軟體服務業,台北市南港區,2年以上,大學,"月薪40,000元以上"
研究員 Research Executive,益普索市場研究股份有限公司,工商顧問服務業,台北市大安區,經歷不拘,大學,"月薪35,000~40,000元"
民意調查｜市場調查專員,匡衡數據科技有限公司,工商顧問服務業,台北市中正區,經歷不拘,大學,"月薪40,000~60,000元"
【台中】資料分析管理師,今網智慧科技股份有限公司,電腦軟體服務業,台中市北區,經歷不拘,大學,"月薪30,000~50,000元"
【資訊部】數據分析工程師,台灣知識庫股份有限公司,數位內容產業,台北市中正區,1年以上,大學,"月薪40,000元"
統計及資料分析員(教職人力資料庫計畫),國立臺灣師範大學_教育政策與行政研究所,大專校院教育事業,台北市大安區,經歷不拘,碩士,"月薪39,000~42,000元"
數據分析實習生(Data Analytics Engineer  Intern)-長期實習生,衛利生物科技股份有限公司,電腦軟體服務業,新北市新店區,經歷不拘,大學,時薪168~250元
風險控管數據分析專員,威盺有限公司,電腦軟體服務業,台北市松山區,經歷不拘,高中,"月薪36,000~42,000元"
BI開發與數據分析師- 兼職,德昂資訊股份有限公司,電腦軟體服務業,高雄市三民區,2年以上,大學,"日薪2,000~5,000元"
(大數據零售)研究員,東方線上股份有限公司,工商顧問服務業,台北市大安區,1年以上,碩士,"月薪38,000~45,000元"
Data Analyst 數據分析師,品麟國際有限公司,綜合商品批發代理業,台北市中正區,3年以上,大學,"月薪40,000~60,000元"
節目製播部－影音數據分析,東森新媒體控股股份有限公司,網際網路相關業,台北市南港區,5年以上,大學,"月薪45,000~75,000元"
商品部-數據分析專員,全聯福利中心_全聯實業股份有限公司,量販流通相關業,台北市中山區,經歷不拘,大學,"月薪30,000~45,000元"
可不可熟成紅茶__總部__數值分析專員,可不可熟成紅茶_永醇誠股份有限公司,飲料店業,台中市北屯區,2年以上,專科,"月薪28,000~35,000元"
【台中市】民意調查/市場調查研究員,趨勢民意調查股份有限公司,工商顧問服務業,台中市西區,經歷不拘,大學,"月薪32,000~35,000元"
產經B-1(助理研究員/助理研究員),財團法人台灣經濟研究院,其他教育服務業,台北市中山區,經歷不拘,碩士,"月薪38,000元"
【數位金融】商業智慧部資料分析人員(線上面談),遠東國際商業銀行股份有限公司,銀行業,台北市大安區,經歷不拘,大學,"月薪35,000~55,000元"
【德商DHL】台南－倉庫數據Excel分析專員－HL,DHL_台灣敦豪供應鏈股份有限公司,儲配／運輸物流業,台南市新市區,經歷不拘,專科,"月薪33,000~42,000元"
調查及資料分析員(中小學師資資料庫建置、維護及應用計畫),國立臺灣師範大學_教育政策與行政研究所,大專校院教育事業,台北市大安區,經歷不拘,大學,"月薪33,800~42,000元"
數據分析助理/工讀,宇泰華科技股份有限公司,電腦軟體服務業,台北市南港區,經歷不拘,高中,時薪168元
OP營運數據分析專員 (具備熟練Excel VBA應用與Python大數據整理能力佳),盈德網絡服務有限公司,工商顧問服務業,台北市松山區,3年以上,專科,"月薪40,000~60,000元"
【QuickseeK】市場調查研究人員,影響力數據顧問股份有限公司,廣告行銷公關業,台北市松山區,經歷不拘,大學,"月薪30,000~45,000元"
"商業數據分析師 BA/Business Analyst -數據科技(數數發中心, DDT)",國泰金控_國泰金融控股股份有限公司,金融控股業,台北市信義區,3年以上,大學,"月薪30,000~90,000元"
企劃與數據分析實習生(教育事業部),威盛電子股份有限公司,IC設計相關業,新北市新店區,經歷不拘,大學,時薪170元
資料庫、BI數據分析師,集雅社影音家電_集雅社股份有限公司,百貨相關業,高雄市苓雅區,1年以上,大學,"月薪50,000~60,000元"
大數據部門數據工程師,典通股份有限公司,工商顧問服務業,台北市中正區,經歷不拘,碩士,"月薪38,000~45,000元"
世新大學知識經濟發展研究院-專案助理研究員,世新大學_人事室,大專校院教育事業,台北市文山區,3年以上,碩士,"月薪38,000~50,000元"
"Data Analyst 數據分析師 (Tableau profession, Business Insight)",EC HEALTHCARE,其他醫療保健服務業,台北市大安區,1年以上,大學,"月薪45,000元以上"
【巧連智】數據分析人員,日商倍樂生股份有限公司台北分公司,雜誌／期刊出版業,台北市中正區,2年以上,專科,"月薪30,000~45,000元"
資料分析師(Taichung),新加坡商犀牛盾科技股份有限公司,其他相關製造業,台中市南屯區,1年以上,大學,"年薪700,000~1,000,000元"
DBA數據庫管理師,薇客有限公司,工商顧問服務業,台北市中山區,5年以上,大學,"月薪100,000元以上"
研究員,東方線上消費者研究集團_東方快線網絡市調行銷股份有限公司,工商顧問服務業,台北市大安區,經歷不拘,大學,"月薪33,000~37,000元"
數據分析師,億光電子工業股份有限公司,光電產業,新北市樹林區,2年以上,大學,"月薪37,000元以上"
營運數據分析工程師【備宿舍】(疫情期間可先視訊面試),上禾紡織有限公司,紡織成衣業,新北市三重區,2年以上,大學,"月薪35,000~60,000元"
【台北市】民意調查/市場調查研究員,趨勢民意調查股份有限公司,工商顧問服務業,台北市信義區,經歷不拘,大學,"月薪32,000~35,000元"
資料分析師,新穎資訊有限公司,電腦軟體服務業,台中市北區,1年以上,大學,"月薪38,000~60,000元"
資深研究員,東方線上消費者研究集團_東方快線網絡市調行銷股份有限公司,工商顧問服務業,台北市大安區,2年以上,大學,"月薪38,000~48,000元"
經營管理儲備幹部 (經營管理部專案規劃處),東森購物_電視購物_東森得易購股份有限公司,百貨相關業,新北市中和區,3年以上,大學,"月薪35,000~50,000元"
YFG-資料科學家,裕融企業股份有限公司,其他汽機車相關業,台北市大安區,經歷不拘,大學,"月薪45,000~60,000元"
【內勤】資料分析研究助理(台北市信義區)#W0,寶華國際人力顧問股份有限公司,人力派遣服務,台北市信義區,經歷不拘,大學,"月薪28,000元"
市場調查研究專員/綜合規劃組,財團法人中國生產力中心,工商顧問服務業,新北市汐止區,3年以上,大學,"月薪28,000~45,000元"
派遣_知名外商銀行_資料分析師Data Analyst【信義｜市政府站】月薪40K起｜101RI,萬寶華企業管理顧問股份有限公司,人力仲介代徵,台北市信義區,經歷不拘,大學,"月薪40,000~55,000元"
201_【派遣雀巢】SFE Assistant_1 year contractor_需有數據分析經驗者,萬寶華企業管理顧問股份有限公司,人力仲介代徵,台北市內湖區,經歷不拘,大學,"月薪38,000~45,000元"
AN-[南港_美商半導體設計龍頭- Business Analyst (PM) Coordinator - 熟悉資料/數據分析(如Power BI/SQL) - 年薪130萬以內,新加坡商立可人事顧問有限公司台灣分公司,人力仲介代徵,台北市南港區,2年以上,大學,"年薪800,000~1,300,000元"
專案管理督導 Observer Project Coordinator,益普索市場研究股份有限公司,工商顧問服務業,台北市大安區,2年以上,大學,"月薪32,000元以上"
商控專員(可視訊面試)【備宿舍】,岱妮蠶絲股份有限公司,鞋類／布類／服飾品零售業,新北市三重區,經歷不拘,高中,"月薪28,000~36,000元"
【2022鑄金實習計劃】智慧製造-大數據分析實習生,金像電子股份有限公司,印刷電路板製造業(PCB),桃園市中壢區,經歷不拘,大學,"月薪29,000~35,000元"
世新大學知識經濟發展研究院-專案研究員/主管（博後）,世新大學_人事室,大專校院教育事業,台北市文山區,3年以上,博士,"月薪50,000元以上"
數據工程師,中佑資訊有限公司,網際網路相關業,台中市西屯區,1年以上,專科,"月薪35,000~60,000元"
數據分析人員(總公司/汽車保險),富邦產物保險股份有限公司,金融控股業,台北市中山區,3年以上,大學,"月薪30,000~50,000元"
研究員 Research Executive (Healthcare),益普索市場研究股份有限公司,工商顧問服務業,台北市大安區,經歷不拘,大學,"月薪35,000~40,000元"
數據暨策略分析師,聯合財信資產管理股份有限公司,其他專業／科學及技術業,台北市北投區,5年以上,碩士,"月薪72,000~86,000元"
派駐知名外商EDA全球領導品牌 - 商業智慧(BI)資料分析程式設計師-【JD-00000058】,威策電腦股份有限公司,電腦系統整合服務業,新竹市,1年以上,大學,"月薪60,000~100,000元"
Sr. Backend Engineer | 資深後端工程師 ( Invos 發票存摺 ),麻布數據科技股份有限公司,網際網路相關業,台北市信義區,3年以上,專科,"年薪1,100,000~1,500,000元"
廣告數據整合分析師/Data Scientist,品麟國際有限公司,綜合商品批發代理業,台北市中正區,3年以上,大學,"月薪60,000~120,000元"
教學總部-營運企劃,朱宗慶打擊樂團隊_傑優文化事業股份有限公司,藝文服務業,台北市士林區,3年以上,碩士,"月薪38,000~43,000元"
機率工程師,數字自由有限公司,電腦軟體服務業,台北市內湖區,經歷不拘,大學,"月薪35,000~150,000元"
【LG生活健康-HDB事業部】業務代表,LG_ 臺灣樂金生活健康股份有限公司,綜合商品批發代理業,台北市信義區,2年以上,大學,"月薪35,000元以上"
節目製播部－影音統計分析,東森新媒體控股股份有限公司,網際網路相關業,台北市南港區,5年以上,大學,"月薪45,000~75,000元"
(APP)數據工程師_台北-疫情期間採視訊面試,尊博科技股份有限公司,電腦軟體服務業,台北市內湖區,2年以上,學歷不拘,"月薪45,000~69,000元"
數據分析工程師-台北 (系統推展部),錠嵂保險經紀人股份有限公司,人身保險業,台北市松山區,2年以上,專科,"月薪40,000元以上"
醫學統計分析師,寰澔生物科技有限公司,工商顧問服務業,台北市大同區,2年以上,碩士,"月薪40,000元以上"
YFG-資料工程師,裕融企業股份有限公司,其他汽機車相關業,台北市大安區,經歷不拘,大學,"月薪45,000~60,000元"
產業分析師,領先創新科技股份有限公司,電腦軟體服務業,台北市松山區,1年以上,碩士,"月薪30,000~50,000元"
【IT一組】資料分析工程師,翼勝專利商標事務所,工商顧問服務業,台北市大安區,2年以上,大學,"月薪60,000~100,000元"
數位轉型部-前端數據工程師,鄉林建設事業股份有限公司,建築工程業,台中市西區,3年以上,大學,"月薪32,000~40,000元"
中壢廠-營業管理專員,台灣山葉機車工業股份有限公司,機車及其零件製造業,桃園市中壢區,經歷不拘,大學,"月薪32,000~35,580元"
E153 電信網路工程師(可遠端工作),台灣大哥大股份有限公司,電信相關業,台北市內湖區,經歷不拘,學歷不拘,"月薪31,000~46,000元"
管理中心－資訊管理師(資訊分析師、數據分析師)(沙鹿院區),光田醫療社團法人光田綜合醫院,醫院,台中市沙鹿區,經歷不拘,大學,"月薪32,000~38,000元"
玩具產品經理,吉尼士美語_吉尼士股份有限公司,補習班,高雄市左營區,經歷不拘,專科,"月薪40,000元以上"
PPA｜產品設計部｜商業分析師,PressPlay_瑞奧股份有限公司,廣告行銷公關業,台北市大同區,3年以上,大學,"月薪45,000~55,000元"
風控專員,睿訊有限公司,電腦軟體服務業,台北市內湖區,經歷不拘,專科,"月薪30,000~45,000元"
【工程研發】數據分析製程工程師(SD),日月光半導體製造股份有限公司中壢分公司,半導體製造業,桃園市中壢區,經歷不拘,大學,"月薪38,000~80,000元"
風險管理人員,和潤企業股份有限公司,其他金融及輔助業,新北市新莊區,經歷不拘,大學,"月薪35,000元以上"
旅宿 營收管理/行銷顧問,厝味文化股份有限公司,旅館業,新北市板橋區,1年以上,大學,"月薪32,000~40,000元"
(APP)數據工程師_台中-疫情期間採視訊面試,尊博科技股份有限公司,電腦軟體服務業,台中市西屯區,2年以上,學歷不拘,"月薪45,000~69,000元"
品質監控工程師,晶碩光學股份有限公司,光學器材製造業,桃園市大溪區,2年以上,大學,"月薪33,000~55,000元"
商務支持專員,藝康企業股份有限公司,化學原料及其製品批發業,台北市中山區,1年以上,專科,"月薪36,000元以上"
1B-3(助理研究員/助理研究員),財團法人台灣經濟研究院,其他教育服務業,台北市中山區,2年以上,碩士,"月薪40,000元"
商品精算人員,華南產物保險股份有限公司,產物保險業,台北市信義區,經歷不拘,大學,"月薪31,000~39,000元"
企劃專員,吉士寶創意有限公司,廣告行銷公關業,台中市西屯區,1年以上,大學,"月薪30,000~40,000元"
▲台中【行銷企劃】日商普客二四-Times,台灣普客二四股份有限公司,停車場業,台中市西屯區,經歷不拘,高中,"月薪28,000~40,000元"
酒品研發及分析認證研究員(烈酒研究所),金車股份有限公司,飲料製造業,宜蘭縣員山鄉,經歷不拘,大學,"月薪28,000~35,000元"
電影數位平台(資料庫) 行銷營運專員,飛行國際視聽股份有限公司,廣播業,台北市內湖區,經歷不拘,大學,"月薪28,000元以上"
資料科學家,台灣資料科學股份有限公司,電腦系統整合服務業,台北市內湖區,經歷不拘,大學,"月薪38,000~88,000元"
節目製播部－頻道營運分析,東森新媒體控股股份有限公司,網際網路相關業,台北市南港區,5年以上,大學,"月薪45,000~70,000元"
台灣彩券_數位經營企劃人員,台灣彩券股份有限公司,其他商品批發業,台北市南港區,3年以上,大學,"月薪31,000~55,000元"
數位行銷企劃人員,日本丸亀製麵_台灣東利多股份有限公司,其他餐飲業,台北市大同區,3年以上,大學,"月薪36,000元以上"
網路行銷專員,茂盛醫院,醫院,台中市北屯區,3年以上,大學,"月薪35,000~38,000元"
電商平台營運專員,東方絲路科技有限公司,電子通訊／電腦週邊批發業,台北市松山區,經歷不拘,大學,"月薪28,000~40,000元"
數位社群廣告投放優化師,亞瑞特數位社群行銷有限公司,其它軟體及網路相關業,台北市松山區,1年以上,大學,"月薪26,000~38,000元"
行銷業務企劃_熟數據分析尤佳,傑森全球整合行銷股份有限公司,廣告行銷公關業,台北市內湖區,2年以上,專科,"月薪32,000~40,000元"
【資深廣告優化師】- 一般/資深,LESTARS COMPUTER SYSTEMS & COMMUNICATION EQUIPMENT SOFTWARE DESIGN,電腦軟體服務業,阿拉伯聯合大公國,3年以上,大學,"月薪120,000~200,000元"
【兼職】市調工讀生（資料處理，不熟悉SPSS者請勿應徵）,遠東集團HAPPY GO_鼎鼎聯合行銷股份有限公司,廣告行銷公關業,新北市板橋區,經歷不拘,專科,時薪220元
市場洞察實習生 Market Research Intern,發發設計股份有限公司,專門設計相關業,新北市土城區,經歷不拘,大學,時薪200元
產業研究/分析人員,台灣鋼鐵工業同業公會,職業團體,台北市中山區,經歷不拘,大學,"月薪30,000元以上"
有樂品牌/執行助理/專案助理/正職,有樂股份有限公司,飲料店業,台北市信義區,經歷不拘,大學,"月薪32,000~36,000元"
業務外訪特派員,樂居科技股份有限公司,網際網路相關業,台北市中正區,經歷不拘,大學,"月薪33,000~45,000元"
行銷企劃 Marketing Associate,路加服務科技股份有限公司,其它軟體及網路相關業,新竹市,經歷不拘,學歷不拘,"月薪32,000~40,000元"
藥物安全組-統計分析師(碩士以上),財團法人藥害救濟基金會,政府／民意機關,台北市中正區,經歷不拘,碩士,"月薪38,515元以上"
產業分析助理,長富管理顧問有限公司,工商顧問服務業,台北市中山區,經歷不拘,大學,"月薪31,000~40,000元"
電子商務 服務營運人員,韓商咖菲二十四貿易有限公司台灣分公司,網際網路相關業,台北市松山區,經歷不拘,大學,"月薪30,000~40,000元"
行銷企劃主管Marketing Executive,路加服務科技股份有限公司,其它軟體及網路相關業,新竹市,2年以上,專科,"月薪35,000~48,000元"
營業部-營運企劃專員,全聯福利中心_全聯實業股份有限公司,量販流通相關業,台北市中山區,2年以上,大學,"月薪32,000~38,000元"
企劃暨精算部-辦事員/專員,兆豐產物保險股份有限公司,產物保險業,台北市中正區,經歷不拘,大學,"月薪28,000~50,000元"
"資料科學家 Data Scientist-數據科技(數數發中心, DDT)",國泰金控_國泰金融控股股份有限公司,金融控股業,台北市信義區,經歷不拘,大學,"月薪30,000~90,000元"
廣告優化專員ㄧ(NC-痞客邦廣告管理部),PIXNET_優像數位媒體科技股份有限公司,多媒體相關業,台北市中山區,1年以上,大學,"月薪32,000~38,000元"
規劃助理(國土類),財團法人台灣地理資訊中心,電腦系統整合服務業,台北市中正區,1年以上,大學,"月薪33,000元以上"
研究員,求真民意調查股份有限公司,工商顧問服務業,台北市松山區,經歷不拘,大學,"月薪35,000元以上"
資料工程師,台灣資料科學股份有限公司,電腦系統整合服務業,台北市內湖區,經歷不拘,大學,"月薪40,000~80,000元"
Digital Marketing Executive,布羅索股份有限公司,廣告行銷公關業,台北市中正區,1年以上,大學,"月薪38,000~45,000元"
大數據最佳化演算法工程師,紫式大數據決策股份有限公司,工商顧問服務業,新竹市,經歷不拘,大學,"月薪50,000元以上"
行銷企劃管理員,韻濤茶業有限公司,農／畜／水產品批發業,嘉義縣中埔鄉,3年以上,高中,"月薪31,000元以上"
量化市場研究顧問 Researcher/ Business analyst儲備幹部 (Insights Division),Kantar Taiwan_模範市場研究顧問股份有限公司,工商顧問服務業,台北市松山區,經歷不拘,大學,"月薪35,000~40,000元"
會員行銷企劃人員,南紡購物中心_南紡流通事業股份有限公司,百貨相關業,台南市東區,1年以上,大學,"月薪28,000~39,000元"
商業分析師 Business Analyst,瑞鑑航太科技股份有限公司,航空器及其零件製造修配業,台南市歸仁區,2年以上,大學,"月薪30,000元以上"
KlassiC.流行眼鏡品牌_行銷企劃,KlassiC.流行眼鏡品牌_克拉戲客股份有限公司,鐘錶／眼鏡零售業,台北市信義區,1年以上,高中,"月薪30,000~40,000元"
數位廣告業務,樂居科技股份有限公司,網際網路相關業,台北市中正區,經歷不拘,大學,"月薪40,000元"
【採線上面談】 Data Analyst 資料分析師,新加坡商鈦坦科技股份有限公司台灣分公司,電腦軟體服務業,台北市南港區,經歷不拘,學歷不拘,"月薪50,000~70,000元"
國家衛生研究院 癌症研究所 誠徵 資訊軟體研發工程師(台北工作),財團法人國家衛生研究院,其他教育服務業,台北市北投區,經歷不拘,碩士,"月薪37,120~44,860元"
風險管理人員,臺灣中小企業銀行股份有限公司,銀行業,台北市大同區,2年以上,大學,"月薪41,000~65,000元"
[電子商務部] 電商營運與數位專員 E-Commerce Digital Sport Leader,DECATHLON法商迪卡儂_台灣迪卡儂有限公司,文教／育樂用品零售業,台中市南屯區,2年以上,大學,"月薪39,000~48,000元"
資料經理,財團法人均一平台教育基金會,社會福利服務業,台北市中正區,經歷不拘,大學,"月薪70,000元以上"
營運分析專員(台北),經緯航太科技股份有限公司,其他相關製造業,台北市大安區,經歷不拘,大學,"月薪30,000~42,000元"
研究員,典通股份有限公司,工商顧問服務業,台北市中正區,經歷不拘,大學,"月薪35,000~42,000元"
【知名化學製造商】商務支持專員,怡東人事顧問股份有限公司,人力仲介代徵,台北市中山區,1年以上,專科,"月薪36,000元以上"
國衛院「生醫大數據資料分析」研究助理,財團法人國家衛生研究院,其他教育服務業,苗栗縣竹南鎮,經歷不拘,大學,"月薪33,000元以上"
國立中山大學南區促進產業發展研究中心＿幕僚組_資深專員/副理(政府專案管理),國立中山大學_人事室,大專校院教育事業,高雄市前鎮區,3年以上,大學,"月薪40,000元以上"
【金融科技】資料工程師(新人/研發替代役),玉山銀行_玉山商業銀行股份有限公司,銀行業,台北市中山區,經歷不拘,大學,"月薪39,000~50,000元"
遠雄房地產-行銷市調專員,遠雄房地產發展股份有限公司,不動產經營業,台北市信義區,1年以上,大學,"月薪35,000元以上"
數據工程師(碩士),弈樂科技股份有限公司,網際網路相關業,台中市西屯區,經歷不拘,碩士,"月薪44,000~69,000元"
健行科技大學推廣教育中心-課程研發設計/分析人員,健行學校財團法人健行科技大學,大專校院教育事業,桃園市中壢區,1年以上,專科,"月薪30,000~35,000元"
台北_服務部 營運管理專員,台灣通力電梯股份有限公司,通用機械設備製造修配業,新北市板橋區,3年以上,專科,"月薪28,000~38,000元"
品牌企劃人員 (空調事業處 新產品專案室),永彰機電股份有限公司,汽車及其零件製造業,桃園市觀音區,經歷不拘,大學,"月薪32,000~38,000元"
TCar試車頻道_社群管理,TCar試車頻道_峯德多媒體有限公司,多媒體相關業,台北市內湖區,經歷不拘,大學,"月薪30,000~35,000元"
Business Analyst 商業流程分析師,新加坡商齊舵管理顧問有限公司台灣分公司,工商顧問服務業,台北市松山區,3年以上,專科,"月薪70,000元以上"
產品工程師,政美應用股份有限公司,半導體製造業,新竹縣竹北市,經歷不拘,專科,"月薪35,000元以上"
研究員(碩士級),台灣趨勢研究股份有限公司,工商顧問服務業,台北市大安區,經歷不拘,碩士,"月薪32,000~36,000元"
品牌行銷企劃/文案,無介設計整合有限公司,廣告行銷公關業,台南市東區,1年以上,大學,"月薪25,250~40,000元"
財經數據規劃師,全曜財經資訊股份有限公司,電腦軟體服務業,新北市板橋區,經歷不拘,大學,"月薪35,000~50,000元"
專案經理,臺灣產學策進會,數位內容產業,高雄市前鎮區,3年以上,大學,"月薪40,000~60,000元"
產業分析師,長富管理顧問有限公司,工商顧問服務業,台北市中山區,2年以上,大學,"月薪36,000~45,000元"
數據工程師(台中)-年薪14個月起,春禾科技股份有限公司,電腦軟體服務業,台中市西屯區,經歷不拘,專科,"月薪40,000~65,000元"
【擴編】(品牌電商)數據投放專員,台灣綠金家園有限公司,食品什貨零售業,台中市西區,1年以上,大學,"月薪35,000~50,000元"
全端工程師 - Full Stack Developer,台灣資料科學股份有限公司,電腦系統整合服務業,台北市內湖區,2年以上,專科,"月薪50,000~80,000元"
國立中山大學南區促進產業發展研究中心＿科技創新應用_資深專員(政府計畫提案輔導),國立中山大學_人事室,大專校院教育事業,高雄市前鎮區,2年以上,大學,"月薪33,000~45,000元"
韓國貿易【開發部】韓國商品開發助理 한국상품 개발보조,時他依麗有限公司,網際網路相關業,台北市中山區,經歷不拘,學歷不拘,"月薪34,000~45,000元"
系統分析師(台北),德鴻科技股份有限公司,電腦軟體服務業,台北市大同區,3年以上,大學,"月薪55,000~70,000元"
電商企劃專員(嘉義馬稠後),大成長城企業股份有限公司,農事及畜牧服務業,嘉義縣鹿草鄉,1年以上,大學,"月薪33,000~40,000元"
Marketing_Part-time Worker,重量科技股份有限公司,其它軟體及網路相關業,台北市信義區,經歷不拘,大學,時薪180~250元
應用工程師,震旦集團_震旦行股份有限公司,其他電子零組件相關業,台北市信義區,經歷不拘,大學,"月薪33,000元以上"
行銷數據優化師／專案PM(捷運２分鐘),荃贏全美密碼有限公司,食品什貨零售業,新北市中和區,2年以上,專科,"月薪42,900~53,600元"
行銷企劃人員(行政),ROSEMARY 螺絲瑪莉義麵坊_蘿絲瑪莉義麵坊,餐館業,台北市中山區,1年以上,專科,"月薪30,000~35,000元"
產品行銷人員(台中)【刷樂30 擴大徵才】,刷樂國際股份有限公司,綜合商品批發代理業,台中市南區,2年以上,大學,"月薪35,000~45,000元"
匡衡智庫｜研究助理,匡衡數據科技有限公司,工商顧問服務業,台北市中正區,經歷不拘,大學,"月薪32,000~46,000元"
銷售促進管理師,裕隆集團_裕隆日產汽車股份有限公司,汽車及其零件製造業,苗栗縣三義鄉,經歷不拘,大學,"月薪35,000~55,000元"
兼職行政助理,求真民意調查股份有限公司,工商顧問服務業,台北市松山區,經歷不拘,大學,時薪190元以上
媒體投放專員,吉立方國際股份有限公司,廣告行銷公關業,高雄市鼓山區,經歷不拘,大學,"月薪32,000~38,000元"
經營管理專員,美芝城實業股份有限公司,其他餐飲業,台南市南區,2年以上,大學,"月薪35,000元以上"
【Amazon亞馬遜跨境電商】E-commerce Account Manager Assoc. - 亞馬遜跨境電商管理,ADBest_帆晴股份有限公司,網際網路相關業,台北市大安區,經歷不拘,專科,"月薪30,000~40,000元"
作物數據調查研究工讀生,悠由數據應用股份有限公司,其他專業／科學及技術業,台北市內湖區,經歷不拘,專科,時薪168~220元
策略分析師,領先創新科技股份有限公司,電腦軟體服務業,台北市松山區,3年以上,大學,"月薪50,000元以上"
資深品牌行銷企劃,墨翰設計有限公司,廣告行銷公關業,台南市中西區,3年以上,大學,"月薪50,000元以上"
花蓮 承攬面訪問卷人員,典通股份有限公司,工商顧問服務業,花蓮縣花蓮市,經歷不拘,高中,論件計酬120元以上
電商部-服飾品牌行銷企劃,慶凰貿易股份有限公司,百貨相關業,台中市西區,2年以上,專科,"月薪30,000~40,000元"
調查及資料分析員(新北市學校評鑑計畫),國立臺灣師範大學_教育政策與行政研究所,大專校院教育事業,台北市大安區,經歷不拘,大學,"月薪33,000~46,000元"
【UX】UX Designer / UX設計師,英屬維京群島商瑞嘉耐思科技有限公司台灣分公司,電腦軟體服務業,台北市內湖區,2年以上,專科,"月薪42,000~113,300元"
"☻(待遇優)年薪約$700,000~800,000【金融業㊣職招募｜SA / SD / PG】程式開發經驗2年｜熟悉金融投資商品知識  BIS_203",藝珂人事顧問股份有限公司,人力仲介代徵,台北市松山區,經歷不拘,大學,"年薪600,000~800,000元"
網路分析員,網路中文資訊股份有限公司,網際網路相關業,台北市中山區,經歷不拘,專科,"月薪30,000~42,000元"
企劃室經濟分析單元【產業分析】副研究員,財團法人食品工業發展研究所_食品所,食品什貨批發業,新竹市,經歷不拘,碩士,"月薪39,500~41,500元"
Digital Project Manager 專案管理經理,EC HEALTHCARE,其他醫療保健服務業,台北市大安區,2年以上,大學,"年薪800,000元以上"
▲高雄【行銷企劃】日商普客二四-Times,台灣普客二四股份有限公司,停車場業,高雄市鼓山區,經歷不拘,大學,"月薪28,000~40,000元"
Pricing Coordinator,海碩集團_海駿股份有限公司,儲配／運輸物流業,台北市中山區,1年以上,大學,"月薪33,000~45,000元"
市場運營專員Account Manager,科萊博瑞科技有限公司,電腦軟體服務業,台北市內湖區,2年以上,專科,"月薪35,000~50,000元"
客戶數據維護專員,豐卉有限公司,綜合商品批發代理業,台北市信義區,經歷不拘,專科,"月薪35,000~38,000元"
【綠洲餐飲管理顧問有限公司】儲備專業人才,綠洲餐飲管理顧問股份有限公司,餐館業,台北市大安區,經歷不拘,大學,"月薪50,000元以上"
媒體企劃/Media Planner,米蘭營銷策劃股份有限公司,網際網路相關業,台北市信義區,1年以上,專科,"月薪35,000~40,000元"
電子商務企劃專員,永三企業股份有限公司,百貨相關業,台北市大安區,2年以上,大學,"月薪30,000~45,000元"
資料科學家,雲智匯科技服務股份有限公司,其他電子零組件相關業,新北市土城區,5年以上,大學,"月薪70,000元以上"
【ML】Machine Learning Engineer / 機器學習工程師,英屬維京群島商瑞嘉耐思科技有限公司台灣分公司,電腦軟體服務業,台北市內湖區,1年以上,大學,"月薪57,750~149,100元"
數據工程師(學士),弈樂科技股份有限公司,網際網路相關業,台中市西屯區,經歷不拘,大學,"月薪35,000~60,000元"
專案管理 PM,薪鼎企業有限公司,紙容器製造業,彰化縣大村鄉,1年以上,專科,"月薪35,000~45,000元"
市場分析/市場調查,凱伯科技有限公司,汽機車及其零配件／用品零售業,新北市新莊區,1年以上,大學,"月薪35,000元以上"
產品規劃師 / IT Business Analyst 軟體商業分析師,EC HEALTHCARE,其他醫療保健服務業,台北市大安區,2年以上,大學,"年薪700,000元以上"
客房營收分析專員 Revenue assistant/analyst,MGH Mitsui Garden Hotel_台灣三井不動產飯店管理股份有限公司,旅館業,台北市大安區,1年以上,專科,"月薪30,000元以上"
資料工程師(竹科),晶元光電股份有限公司(晶電),光電產業,新竹市,經歷不拘,碩士,"月薪36,000元以上"
C# 軟體工程師,格齊國際有限公司,電腦軟體服務業,台中市西屯區,3年以上,專科,"月薪60,000~80,000元"
"Analyst, Consumer Insights",台灣尼爾森愛科股份有限公司,工商顧問服務業,台北市松山區,經歷不拘,大學,"年薪500,000~520,000元"
行銷專員,中台興化學工業股份有限公司,其他化學相關製造業,新竹市,3年以上,大學,"月薪33,000~45,000元"
儲備菁英 (經管)-台中區,建新國際股份有限公司,儲配／運輸物流業,台中市梧棲區,經歷不拘,碩士,"月薪45,000元以上"
資料分析師,天氣風險管理開發股份有限公司,網際網路相關業,台北市中山區,1年以上,大學,"年薪450,000~700,000元"
【擴編】(品牌電商)數據投放專員,霈米科技有限公司,食品什貨批發業,台中市西區,1年以上,大學,"月薪35,000~50,000元"
【資訊-2022研發團隊】程式設計人員 - C#、ASP.NET、WEB、APP Developer,群益金鼎證券股份有限公司,證券及期貨業,台北市松山區,經歷不拘,專科,"月薪35,000~100,000元"
設計師商品採購,台灣吉而好股份有限公司,文教／育樂用品批發業,台南市安南區,1年以上,專科,"月薪30,000~50,000元"
經營企劃專員(綜合企劃部)-總公司,TOYOTA/LEXUS_中部汽車股份有限公司,汽車及其零件製造業,台中市西屯區,3年以上,大學,"月薪28,300~42,000元"
BD | 商務顧問 (引客數據 invos Data),麻布數據科技股份有限公司,網際網路相關業,台北市信義區,3年以上,專科,"月薪40,000~60,000元"
行銷策略研究部  市場分析師,典通股份有限公司,工商顧問服務業,台北市中正區,1年以上,碩士,"月薪35,000~42,000元"
C1-專案企劃管理師,財團法人中衛發展中心,工商顧問服務業,台北市大安區,3年以上,大學,"月薪33,000元以上"
資訊部資訊管理課-專案管理師,長汎旅行社股份有限公司,旅遊服務業,台北市中山區,1年以上,專科,"月薪35,000~40,000元"
【燦坤3C】行銷策略部-會員數據主管,燦坤實業股份有限公司,家庭電器／設備及用品零售業,台北市內湖區,2年以上,大學,"月薪60,000~65,000元"
網站企劃編輯,微康電子商務股份有限公司,綜合商品批發代理業,台北市松山區,經歷不拘,專科,"月薪40,000~55,000元"
資料處理員,思多葛市場研究股份有限公司,工商顧問服務業,台北市信義區,1年以上,大學,"月薪28,000~32,000元"
【採線上面談】Senior Data Analyst 資深資料分析師,新加坡商鈦坦科技股份有限公司台灣分公司,電腦軟體服務業,台北市南港區,5年以上,學歷不拘,"月薪80,000元以上"
資料分析師 Data Analyst (台南/Tainan/台北/Taipei),凱鈿行動科技股份有限公司,網際網路相關業,台南市永康區,經歷不拘,大學,"月薪35,000~55,000元"
(整合行銷部)產業分析人員,潮網科技股份有限公司,網際網路相關業,台北市中正區,1年以上,專科,"月薪35,000~50,000元"
國際所徵專職計畫助理或輔佐研究員1名,財團法人中華經濟研究院,其他教育服務業,台北市大安區,經歷不拘,大學,"月薪33,800~38,600元"
培訓經理,求真民意調查股份有限公司,工商顧問服務業,台北市松山區,2年以上,大學,"月薪43,000元以上"
科技創新應用組-專員/資深專員(政府計畫提案輔導),國立中山大學_南區促進產業發展研究中心,工商顧問服務業,高雄市前鎮區,2年以上,大學,"月薪33,000~45,000元"
正職總經理特助（木工網路銷售部門）,傑聯工藝有限公司,專門設計相關業,屏東縣長治鄉,經歷不拘,學歷不拘,"月薪38,000~42,000元"
資訊專案實習生,碩昱科技股份有限公司,電腦軟體服務業,新北市中和區,經歷不拘,專科,時薪168~210元
數據工程師,永豐商業銀行股份有限公司,銀行業,台北市中山區,1年以上,大學,"月薪32,500元以上"
EF-遊戲數值企劃,智冠科技股份有限公司,網際網路相關業,台北市南港區,1年以上,大學,"月薪42,000~45,000元"
【採線上面談】Software Product Manager 軟體產品經理,凱文科技服務有限公司,電腦軟體服務業,台北市內湖區,3年以上,大學,"月薪70,000~120,000元"
品牌策略規劃師（Brand Strategy Planner）｜量化研究/市場調查研究背景,法博思品牌顧問股份有限公司,工商顧問服務業,台北市中山區,經歷不拘,大學,"月薪35,000~45,000元"
來來亭停車場-行銷企劃,德聚仁和地產開發有限公司,不動產經營業,新北市蘆洲區,經歷不拘,大學,"月薪28,000~40,000元"
市場分析專員,耀迅科技股份有限公司,其它軟體及網路相關業,台南市北區,2年以上,大學,"月薪35,000~49,000元"
採購及統計分析員(有經驗者薪資從優另議),群達龍企業股份有限公司,其他商品批發業,新北市泰山區,1年以上,大學,"月薪29,900~40,000元"
A3-產品分析師 (產品企劃、產品營運),意藍資訊股份有限公司,網際網路相關業,台北市大安區,經歷不拘,大學,"月薪35,000~40,000元"
質化市場研究顧問 Qual Researcher/ Qual Business analyst 儲備幹部 (Insights Division),Kantar Taiwan_模範市場研究顧問股份有限公司,工商顧問服務業,台北市松山區,經歷不拘,大學,"月薪35,000~40,000元"
永續發展管理師,旋之恆管理顧問有限公司,工商顧問服務業,台中市北屯區,3年以上,專科,"月薪35,000元以上"
產業口碑分析顧問,亞洲指標數位行銷顧問股份有限公司,廣告行銷公關業,台北市松山區,2年以上,大學,"月薪40,000~50,000元"
AS00043 Open platform -Global Digital & E-Commerce Marketing Intern(開放平台全球數位行銷與電子商務實習生),華碩電腦股份有限公司,電腦及其週邊設備製造業,台北市北投區,經歷不拘,大學,時薪170元以上
行銷企劃,青葉食品工業股份有限公司,罐頭食品加工業,高雄市前鎮區,2年以上,大學,"月薪32,000元"
使用者經驗研究員 User Experience Researcher,發發設計股份有限公司,專門設計相關業,新北市土城區,2年以上,大學,"月薪35,000~50,000元"
會員經營行銷專員,和諧生活有限公司,鞋類／布類／服飾品批發業,台中市龍井區,3年以上,專科,"月薪32,000~36,000元"
[實習] 資料處理工程師,英霸聲學科技股份有限公司,消費性電子產品製造業,新北市中和區,經歷不拘,專科,時薪180~200元
CRM & Digital Marketing Specialist,中略國際行銷股份有限公司,書籍出版業,台北市松山區,經歷不拘,大學,"月薪50,000~60,000元"
市場研究專員(越南語),云桐科技有限公司,網際網路相關業,台北市內湖區,經歷不拘,專科,"月薪30,000~45,000元"
【產品開發】資料分析師_Python(視訊面試),愛酷智能科技股份有限公司,電子通訊／電腦週邊批發業,台北市松山區,1年以上,大學,"月薪50,000元以上"
產品行銷經理 Product Marketing Manager,iCHEF_資廚管理顧問股份有限公司,工商顧問服務業,台北市大安區,4年以上,大學,"月薪60,000~80,000元"
"信義區【UberEats▲ENT Account Management Associate】維繫知名大型連鎖餐飲企業/有維繫客戶經驗尤佳/月薪35,000起_SMS_865",藝珂人事顧問股份有限公司,人力仲介代徵,台北市信義區,經歷不拘,專科,"月薪35,000~40,000元"
儲備菁英 (經管)-台北區,建新國際股份有限公司,儲配／運輸物流業,台北市中正區,經歷不拘,碩士,"月薪50,000~60,000元"
職務代理人（~112年1月，視表現續聘轉正職）,國立中山大學_南區促進產業發展研究中心,工商顧問服務業,高雄市前鎮區,2年以上,大學,"月薪32,000元以上"
JAVA 軟體設計工程師(新竹),天來數位股份有限公司,電腦系統整合服務業,新竹市,經歷不拘,大學,"月薪40,000~80,000元"
D467 用戶行為分析人員 (可遠端工作),台灣大哥大股份有限公司,電信相關業,台北市信義區,2年以上,學歷不拘,"月薪31,000~53,000元"
數據專員,漢元森科技有限公司,電腦軟體服務業,新北市汐止區,1年以上,大學,"月薪40,000~55,000元"
[遠端在家工作] Data Analyst,美利有限公司,醫療器材製造業,台北市大安區,經歷不拘,大學,"月薪40,000~45,000元"
數據分析師,富邦人壽保險股份有限公司(總公司),人身保險業,台北市信義區,2年以上,大學,"月薪30,000~50,000元"
資訊專員,德翔海運股份有限公司,海運,台北市松山區,經歷不拘,大學,"月薪35,000~70,000元"
後端工程師,智庫驅動股份有限公司,其它軟體及網路相關業,台北市信義區,1年以上,專科,"月薪35,000~70,000元"
UX Researcher 使用者研究員,台灣八達資訊科技有限公司,電信相關業,台北市信義區,經歷不拘,專科,"月薪50,000~80,000元"
專員(電子商務事業部),東森購物_電視購物_東森得易購股份有限公司,百貨相關業,新北市中和區,經歷不拘,專科,"月薪28,000~40,000元"
市場分析與通路績效管理師(專員/資深專員),中嘉數位股份有限公司,網際網路相關業,台北市內湖區,3年以上,大學,"月薪35,000~50,000元"
A2-商業分析師 (Data & Business Analyst),意藍資訊股份有限公司,網際網路相關業,台北市大安區,經歷不拘,大學,"月薪35,000~40,000元"
MK 數位行銷專員,慧邦科技股份有限公司,網際網路相關業,台北市中正區,1年以上,大學,"月薪37,000~60,000元"
【職發中心】業務輔導員(活動企劃)(派駐永和區),社團法人中華民國全國中小企業總會,工商顧問服務業,新北市永和區,經歷不拘,專科,"月薪34,203元"
日商【市場分析企劃專員】-D20,精英人力資源股份有限公司,人力仲介代徵,高雄市鼓山區,經歷不拘,專科,"月薪28,000~40,000元"
顧客關係管理,綠舞觀光飯店股份有限公司,旅館業,宜蘭縣五結鄉,2年以上,大學,"月薪28,000~35,000元"
資深商務分析師 / Senior Business analysis (保險系統需求),言某諮詢管理顧問有限公司,網際網路相關業,台北市信義區,8年以上,大學,"月薪40,000~120,000元"
經營企劃專員(數據專案管理),全家便利商店股份有限公司,量販流通相關業,台北市中山區,4年以上,碩士,"年薪610,000~770,000元"
市場研究顧問 Researcher/ Business analyst儲備幹部 (Insights Division),Kantar Taiwan_模範市場研究顧問股份有限公司,工商顧問服務業,台北市松山區,經歷不拘,大學,"月薪35,000~40,000元"
Data Analyst 資料分析師,晚安科技股份有限公司,其它軟體及網路相關業,台北市松山區,2年以上,大學,"月薪50,000元以上"
[行銷] 數據化行銷專才 Growth Marketing / PM,早餐吃麥片_饌元有限公司,食品什貨零售業,台北市南港區,3年以上,大學,"月薪40,000~50,000元"
資料分析師,智庫驅動股份有限公司,其它軟體及網路相關業,台北市信義區,1年以上,專科,"月薪35,000~70,000元"
【PropTech數位人才招募】資深商業分析師,信義房屋股份有限公司,不動產經營業,台北市信義區,5年以上,大學,"月薪60,000元以上"
行銷企劃 (幹部/儲備幹部),蘋果樹醫美診所,診所,台北市松山區,2年以上,大學,"月薪30,000~70,000元"
菲律賓高薪SEO黑帽,城科國際_CYBILL TEK SOFTWARE INC,其它軟體及網路相關業,菲律賓,3年以上,專科,"月薪140,000~180,000元"
ETL開發工程師 （兼職可以）,德昂資訊股份有限公司,電腦軟體服務業,高雄市三民區,3年以上,大學,"日薪2,000~3,000元"
遊戲企劃,翔苡有限公司,電腦軟體服務業,台中市西屯區,1年以上,專科,"月薪40,000~70,000元"
[好會飛]產品企劃 Product Planner,好會飛網路股份有限公司,網際網路相關業,新北市中和區,經歷不拘,大學,"月薪33,000~38,000元"
市調(資深)研究員／ 市調主任／ 市調副理,遠東集團HAPPY GO_鼎鼎聯合行銷股份有限公司,廣告行銷公關業,新北市板橋區,2年以上,大學,"月薪40,000元以上"
[好會飛]產品經理 Product Manager,好會飛網路股份有限公司,網際網路相關業,新北市中和區,3年以上,大學,"月薪60,000~90,000元"
[好會飛]產品副理 Product Assistant Manager,好會飛網路股份有限公司,網際網路相關業,新北市中和區,經歷不拘,大學,"月薪37,000~42,000元"
系統分析師(D1),精藤股份有限公司,電腦系統整合服務業,台北市中山區,2年以上,大學,"年薪600,000~1,000,000元"
數據產品經理,"替您錄科技股份有限公司(TGC Taiwan, Inc.)",多媒體相關業,台北市松山區,3年以上,大學,"月薪48,000~70,000元"
(勞務承攬) 健保資料庫研究助理/分析師,IQVIA _艾昆緯藥品資訊股份有限公司,其他醫療保健服務業,台北市松山區,經歷不拘,大學,"月薪31,520~36,050元"
【研發中心】軟體工程師 / 程式設計師,泛美群信控股股份有限公司,其他金融及輔助業,高雄市苓雅區,2年以上,碩士,"月薪50,000~60,000元"
MES顧問助理,廣晉軟體股份有限公司,電腦系統整合服務業,桃園市蘆竹區,2年以上,大學,"月薪40,000~60,000元"
數據應用分析人員,裕民航運股份有限公司,海運,台北市大安區,經歷不拘,大學,"月薪33,000元以上"
能環中心誠徵專職計畫助理或輔佐研究員1名,財團法人中華經濟研究院,其他教育服務業,台北市大安區,經歷不拘,大學,"月薪33,800~38,600元"
電商資訊工程師 IT engineer,惟格股份有限公司,專門設計相關業,高雄市鼓山區,2年以上,大學,"月薪40,000元以上"
行銷企劃,博紳品牌顧問有限公司,工商顧問服務業,台北市松山區,2年以上,大學,"月薪33,000~46,000元"
會員行銷企劃,良興股份有限公司,電子通訊／電腦週邊零售業,新北市新莊區,1年以上,專科,"月薪35,000~42,000元"
【研發中心】分析暨研發副工程師/工程師,泛美群信控股股份有限公司,其他金融及輔助業,高雄市苓雅區,經歷不拘,碩士,"月薪45,000~60,000元"
跨境電商營運實習生 Cross-border E-commerce Operation Intern,善恩創新股份有限公司,網際網路相關業,台北市士林區,經歷不拘,學歷不拘,時薪170~250元
CRM會員經營專員,旺德賽斯科技股份有限公司,電腦軟體服務業,台中市西屯區,1年以上,專科,"月薪30,000~60,000元"
資料工程師,英屬維京群島商嘉碼科技有限公司台灣分公司,電腦系統整合服務業,台中市西屯區,3年以上,大學,"月薪45,000~70,000元"
"資料工程師 Data R&D Engineer - 台中 數據技術發展(數數發中心, DDT)",國泰金控_國泰金融控股股份有限公司,金融控股業,台中市烏日區,經歷不拘,大學,"月薪30,000~90,000元"
資料庫暨雲端應用工程師,雲寧科技股份有限公司,電腦系統整合服務業,高雄市三民區,經歷不拘,專科,"月薪36,000~50,000元"
產業輔導研究員 / 產業輔導管理師-商業發展與策略研究所,財團法人商業發展研究院,職業團體,台北市大安區,1年以上,大學,"月薪32,500~50,000元"
遠雄房地產-PM助理(市調專員),遠雄房地產發展股份有限公司,不動產經營業,台北市信義區,1年以上,大學,"月薪35,000元以上"
數值工程師,京赫科技有限公司,數位內容產業,台中市西屯區,經歷不拘,大學,"月薪35,000~55,000元"
[DI] 大數據 工程師,動力安全資訊股份有限公司,電腦系統整合服務業,台北市內湖區,經歷不拘,大學,"月薪30,000~40,000元"
[全職]日本業務與行銷專員,英霸聲學科技股份有限公司,消費性電子產品製造業,新北市中和區,經歷不拘,專科,"月薪45,000元以上"
管理部（宜科）- MIS/ERP 資深工程師,立達國際電子股份有限公司,電腦及其週邊設備製造業,宜蘭縣宜蘭市,5年以上,大學,"月薪45,000~75,000元"
MIS工程師(新竹),優貝克科技股份有限公司,半導體製造業,新竹市,1年以上,大學,"月薪35,000元以上"
軟體研發工程師,直流電通股份有限公司,電腦軟體服務業,新竹縣竹北市,經歷不拘,大學,"月薪40,000~85,000元"
(資深)策略規劃,聯樂數位行銷股份有限公司,廣告行銷公關業,台北市大安區,2年以上,大學,"月薪30,000~40,000元"
後端工程師 Backend Engineer (Django),台灣資料科學股份有限公司,電腦系統整合服務業,台北市內湖區,經歷不拘,專科,"月薪50,000~80,000元"
資料工程師,財團法人均一平台教育基金會,社會福利服務業,台北市中正區,2年以上,大學,"月薪50,000元以上"
經營績效管理師,德翔海運股份有限公司,海運,台北市松山區,1年以上,大學,"月薪35,000~54,000元"
元大銀行-數位金融部-企業網銀規劃發展人員,元大金融控股股份有限公司(元大金控) (元大證券) (元大銀行),金融控股業,台北市松山區,1年以上,碩士,"月薪35,000元以上"
市場行銷企劃專員,寰策國際管理顧問有限公司,工商顧問服務業,日本,經歷不拘,專科,"月薪50,000元以上"
JAVA 軟體設計工程師 (龍潭渴望園區),天來數位股份有限公司,電腦系統整合服務業,桃園市龍潭區,經歷不拘,專科,"月薪40,000~80,000元"
Data Analyst / Reporter,方案諮詢有限公司,其他電子零組件相關業,高雄市苓雅區,經歷不拘,大學,時薪300元以上
AI/人工智慧應用工程師,台灣資安鑄造股份有限公司,其它軟體及網路相關業,台北市松山區,1年以上,碩士,"月薪40,000元以上"
IP通路開發專員,Finger Game_芬格國際股份有限公司,電腦軟體服務業,台北市大安區,2年以上,大學,"月薪32,000~45,000元"
綜合企劃專員,全台物流股份有限公司,儲配／運輸物流業,新北市林口區,經歷不拘,大學,"月薪33,000~45,000元"
【2022研發替代役】資料工程師 Data Engineer (台南/Tainan),凱鈿行動科技股份有限公司,網際網路相關業,台南市永康區,經歷不拘,碩士,"月薪35,000~60,000元"
資深企劃師,威肯公共關係顧問股份有限公司,工商顧問服務業,台北市中正區,3年以上,碩士,"月薪50,000元以上"
AD30070 服務系統分析師,華碩電腦股份有限公司,電腦及其週邊設備製造業,台北市北投區,2年以上,大學,"月薪33,000元以上"
廣告投放專員,香港商遊戲種子娛樂有限公司台灣分公司,電腦軟體服務業,台北市中山區,1年以上,專科,"月薪35,000元以上"
資料工程 / 開發維運實習生  Data / DevOps Engineer Intern【明基BenQ Data Application】,明基電通股份有限公司,消費性電子產品製造業,台北市內湖區,經歷不拘,大學,時薪168元
桃園市 全區 承攬面訪問卷人員,典通股份有限公司,工商顧問服務業,桃園市桃園區,經歷不拘,高中,論件計酬120元以上
軟體專案主管,薩摩亞商尚赫日用品有限公司台灣分公司,傳直銷相關業,台北市萬華區,3年以上,專科,"月薪100,000~150,000元"
行銷部門實習生 / Marketing Intern (Marketing Solution),新加坡商蝦皮娛樂電商有限公司台灣分公司,多媒體相關業,台北市信義區,經歷不拘,大學,時薪180元
媒體企劃/Media Planner,洰和股份有限公司,其它軟體及網路相關業,台北市信義區,1年以上,專科,"月薪35,000~40,000元"
汎德-台北(MINI)-訓練講師,汎德永業汽車股份有限公司,汽機車及其零配件用品／批發業,台北市中山區,1年以上,大學,"月薪28,000~35,000元"
平日白天專案電訪 歡迎電訪老手加入 (請主動來電),典通股份有限公司,工商顧問服務業,台北市中正區,經歷不拘,高中,時薪170~220元
C#程式設計工程師,精藤股份有限公司,電腦系統整合服務業,台北市中山區,1年以上,大學,"月薪34,000~42,000元"
【寶雅-台北總公司】OMO行銷企劃專員   ※適用政府安穩雇用計畫,寶雅國際股份有限公司,百貨相關業,台北市中山區,2年以上,大學,"月薪30,000~42,000元"
股市投資研究助理(實習一年),全曜財經資訊股份有限公司,電腦軟體服務業,新北市板橋區,經歷不拘,大學,時薪168元
系統分析師-情報系統,精藤股份有限公司,電腦系統整合服務業,台北市中山區,2年以上,大學,"年薪800,000~1,000,000元"
專案市場專員,Finger Game_芬格國際股份有限公司,電腦軟體服務業,台北市大安區,1年以上,大學,"月薪30,000~35,000元"
【視訊面試】資訊系統開發工程師,敬鵬工業股份有限公司,印刷電路板製造業(PCB),桃園市蘆竹區,經歷不拘,大學,"月薪28,000~45,000元"
商品企劃部_商品企劃助理 (派遣),台新人壽保險股份有限公司_總公司,人身保險業,台北市松山區,經歷不拘,大學,"月薪28,000~35,000元"
數據分析企劃,社團法人台灣之心愛護動物協會,其他組織,台中市清水區,經歷不拘,大學,"月薪29,000元以上"
區域代表,TAIWAN SUZUKI_金鈴汽車股份有限公司,汽機車及其零配件用品／批發業,新北市板橋區,經歷不拘,大學,"月薪30,000~40,000元"
AI工程師 ,聚陽實業股份有限公司,紡織成衣業,台北市信義區,經歷不拘,專科,"月薪45,000~75,000元"
Data Analyst / 資料分析師,瑞嘉軟體科技股份有限公司,電腦軟體服務業,台北市內湖區,1年以上,大學,"月薪57,750~149,100元"
數位轉型一組資深專員,中華民國資訊軟體協會,電腦軟體服務業,台北市中山區,3年以上,大學,"月薪35,000元以上"
資深數值工程師,京赫科技有限公司,數位內容產業,台中市西屯區,3年以上,大學,"月薪60,000~100,000元"
市場商務專員,科萊博瑞科技有限公司,電腦軟體服務業,台北市內湖區,2年以上,專科,"月薪35,000~50,000元"
RC-數據工程師,泰金寶電通股份有限公司,消費性電子產品製造業,新北市深坑區,經歷不拘,專科,"月薪31,000~70,000元"
前端工程師 Frontend Engineer,創星物聯科技股份有限公司,網際網路相關業,台北市內湖區,2年以上,專科,"年薪600,000~900,000元"
市場分析專員,PGO比雅久_摩特動力工業股份有限公司,機車及其零件製造業,彰化縣大村鄉,經歷不拘,大學,"月薪28,000~38,000元"
Samsung【三星手機】電商平台 資料分析專員/資深專員,鵬泰顧問有限公司,電子通訊／電腦週邊零售業,台北市內湖區,2年以上,大學,"月薪35,000~45,000元"
巨量資料分析平台工程師,中華資安國際股份有限公司,電腦軟體服務業,台北市中正區,經歷不拘,大學,"月薪45,000~80,000元"
專案管理儲備人員,承諾企業管理顧問有限公司,工商顧問服務業,台北市松山區,經歷不拘,專科,"月薪32,000~38,000元"
資深專員/副理（政府專案規劃與管理）,國立中山大學_南區促進產業發展研究中心,工商顧問服務業,高雄市前鎮區,3年以上,大學,"月薪40,000元以上"
全時約聘_工研院產科國際所_政策研究員(0H300),工研院 _財團法人工業技術研究院,其他專業／科學及技術業,台北市大安區,經歷不拘,碩士,"月薪32,000元以上"
【複合材料事業部】行銷管理師,喬福泡綿股份有限公司,合成樹脂／塑膠及橡膠製造業,台中市南屯區,2年以上,大學,"月薪35,000元以上"
.NET 軟體工程師,愛群生醫醫療集團_愛群婦產科診所,診所,台北市大安區,2年以上,專科,"月薪40,000~70,000元"
統一超商 經營分析類 實習生,統一超商股份有限公司,百貨相關業,台北市信義區,經歷不拘,學歷不拘,時薪168~178元
E1-社群輿情分析師(實習生),意藍資訊股份有限公司,網際網路相關業,台北市大安區,經歷不拘,大學,時薪168~188元
保健食品開發、生產管理,康博科技有限公司,生化科技研發業,新北市新店區,3年以上,專科,"月薪35,000~80,000元"
結構分析工程師,台灣富朗巴軟體科技有限公司,電腦軟體服務業,台北市南港區,經歷不拘,大學,"月薪36,000~50,000元"
【國際事業中心】產品營運人員(越南文),網銀國際股份有限公司,電腦軟體服務業,台中市西屯區,1年以上,大學,"月薪35,000~50,000元"
數據分析師,鈊象電子股份有限公司,網際網路相關業,新北市五股區,經歷不拘,碩士,"月薪30,000~60,000元"
【營運企劃】人力運營數據分析師,國泰人壽保險股份有限公司_總公司_國泰金控,人身保險業,台北市大安區,經歷不拘,碩士,"月薪40,000~70,000元"
資料分析實習生【明基BenQ Data Application】,明基電通股份有限公司,消費性電子產品製造業,台北市內湖區,經歷不拘,大學,時薪168元
Sales Analyst - Global Sales Management (HQ),鴻霖航空貨運代理股份有限公司,航空運輸輔助業,台北市內湖區,2年以上,大學,"年薪700,000元以上"
都市計畫分析專員,家勤開發建設有限公司,不動產經營業,台南市東區,經歷不拘,專科,"月薪30,000~40,000元"
輿情策略管理師,伊瑪格科技有限公司,電子通訊／電腦週邊零售業,台北市信義區,經歷不拘,專科,"月薪38,000~42,000元"
【行銷】行銷社群實習生,LINE TAXI_觔斗雲聯網科技股份有限公司,網際網路相關業,台北市大安區,經歷不拘,大學,時薪168元以上
商業智慧(BI)工程師,凌群電腦股份有限公司,電腦系統整合服務業,台北市萬華區,經歷不拘,大學,"月薪28,000~60,000元"
資深媒體企劃／Senior Media Planner,米蘭營銷策劃股份有限公司,網際網路相關業,台北市信義區,2年以上,專科,"月薪35,000元以上"
[學生實習] 業務暨行銷企劃實習生 Sales and Marketing Internship (一年期),DHL_洋基通運股份有限公司,快遞服務業,台北市中山區,經歷不拘,大學,時薪168元
代銷市調專員,永慶不動產中山凱璿加盟店_凱璿不動產事業股份有限公司,不動產經營業,高雄市新興區,1年以上,專科,"月薪28,000~32,000元"
漁業研究工讀生,悠由數據應用股份有限公司,其他專業／科學及技術業,台北市內湖區,經歷不拘,專科,時薪168~220元
新事業開發專員(專案管理),全家便利商店股份有限公司,量販流通相關業,台北市中山區,2年以上,大學,"月薪38,000~41,000元"
[好會飛]AI工程師,好會飛網路股份有限公司,網際網路相關業,新北市中和區,經歷不拘,大學,"月薪40,000~70,000元"
資料工程師 (Data Engineer),天鏡科技股份有限公司,電腦系統整合服務業,新北市新莊區,2年以上,大學,"月薪40,000~90,000元"
系統全端工程師,台灣資安鑄造股份有限公司,其它軟體及網路相關業,台北市松山區,經歷不拘,大學,"月薪40,000元以上"
軟體開發工程師,信鼎技術服務股份有限公司,環境衛生及污染防治服務業,台南市新市區,3年以上,專科,"月薪40,000~65,000元"
Senior Android Engineer | 資深 Android 工程師,麻布數據科技股份有限公司,網際網路相關業,台北市信義區,3年以上,專科,"年薪1,100,000~1,500,000元"
【2022聚陽資訊營】軟體開發實習生,聚陽實業股份有限公司,紡織成衣業,台北市信義區,經歷不拘,大學,時薪180元
【總公司】數據分析專員,愛德利亞台灣股份有限公司,鞋類／布類／服飾品零售業,台北市大安區,3年以上,大學,"月薪30,000~42,000元"
花蓮 富里/玉里鄉 承攬面訪問卷人員,典通股份有限公司,工商顧問服務業,花蓮縣富里鄉,經歷不拘,高中,論件計酬120元以上
【品牌電商成長駭客】數位成長顧問_SA - Google / Facebook / LINE / Yahoo,艾斯博媒體有限公司,網際網路相關業,台北市大安區,2年以上,大學,"月薪30,000~60,000元"
台北市全區  承攬面訪問卷人員,典通股份有限公司,工商顧問服務業,台北市信義區,經歷不拘,高中,論件計酬120元以上
電商數據分析,都會新貴購物網_祥閎股份有限公司,綜合商品批發代理業,台南市安平區,2年以上,專科,"月薪30,000~60,000元"
資深雲端工程師,台灣雨花石雲計算科技有限公司,網際網路相關業,台北市中山區,5年以上,大學,"月薪65,000元以上"
數據分析專員H(需熟悉函數或SQL查詢語句),盈德網絡服務有限公司,工商顧問服務業,台北市松山區,經歷不拘,專科,"月薪30,000~40,000元"
全端程式工程師,艾果實境股份有限公司,電腦軟體服務業,台北市松山區,2年以上,大學,"月薪50,000~60,000元"
資深資安系統工程師,訊揚科技有限公司,電腦軟體服務業,新北市永和區,經歷不拘,專科,"年薪700,000元以上"
[Server]數據分析師(桃園),Inventec_英業達股份有限公司,電腦及其週邊設備製造業,桃園市桃園區,經歷不拘,大學,"月薪35,000元以上"
系統分析師(台中),凌群電腦股份有限公司,電腦系統整合服務業,台中市北區,2年以上,大學,"月薪28,000~60,000元"
D51不動產估價分析師,達麗建設事業股份有限公司,建築工程業,台北市中山區,4年以上,大學,"月薪40,000元以上"
大數據工程師,德聚仁和地產開發有限公司,不動產經營業,新北市蘆洲區,經歷不拘,高中,"月薪40,000元以上"
"【金融科技】System Administrator, Data Analysis Platform",玉山銀行_玉山商業銀行股份有限公司,銀行業,台北市松山區,經歷不拘,碩士,"月薪39,000~50,000元"
社群數據分析師,麟數據科技股份有限公司,電腦軟體服務業,台北市大安區,經歷不拘,大學,"月薪30,000~38,000元"
資訊部資訊管理課-資深專案管理師,長汎旅行社股份有限公司,旅遊服務業,台北市中山區,3年以上,專科,"月薪40,000元以上"
數據分析工程師,凡谷興業有限公司,其它軟體及網路相關業,台中市西屯區,1年以上,大學,"月薪32,000~60,000元"
PPA｜產品設計部｜Senior UX Researcher,PressPlay_瑞奧股份有限公司,廣告行銷公關業,台北市大同區,5年以上,專科,"年薪1,000,000~1,300,000元"
"會員行為數據分析專員(和雲企劃部,iRent共享汽機車/停車場)",和運租車股份有限公司,運輸工具設備租賃業,台北市中山區,1年以上,大學,"月薪28,000~45,000元"
系統分析師_資專、主任職(內湖區瑞光路),中嘉數位股份有限公司,網際網路相關業,台北市內湖區,2年以上,大學,"月薪45,000~55,000元"
J統計數據分析人員(總公司),中國人壽保險股份有限公司(總公司),人身保險業,台北市松山區,經歷不拘,大學,"月薪35,000元以上"
資料分析師(台北總公司),碁富食品股份有限公司,其他食品製造業,台北市南港區,1年以上,專科,"月薪30,000~40,000元"
軟體高級工程師,台灣資料科學股份有限公司,電腦系統整合服務業,台北市內湖區,3年以上,大學,"月薪50,000~100,000元"
[好會飛]廣告優化分析師 - Google/Facebook Ads Strategist (AM),好會飛網路股份有限公司,網際網路相關業,新北市中和區,1年以上,大學,"月薪37,000~42,000元"
C# .NET Core 研發工程師,台灣資料科學股份有限公司,電腦系統整合服務業,台北市內湖區,經歷不拘,大學,"月薪36,000~65,000元"
全端工程師 Full-Stack Engineer,創星物聯科技股份有限公司,網際網路相關業,台北市內湖區,2年以上,專科,"年薪800,000~1,100,000元"
【智能製造推動】數據分析師,華新麗華股份有限公司,其他機械製造修配業,台南市鹽水區,1年以上,大學,"月薪38,000~48,000元"
市調研究員,年頡科技股份有限公司,其它軟體及網路相關業,台北市內湖區,經歷不拘,大學,"月薪30,000~35,000元"
機率工程師,向上集團_向上國際科技股份有限公司,電腦軟體服務業,台中市北區,2年以上,大學,"月薪38,000元以上"
(Senior) Account Executive 研究專員 (Worldpanel Division),Kantar Taiwan_模範市場研究顧問股份有限公司,工商顧問服務業,台北市松山區,經歷不拘,大學,"月薪35,000~40,000元"
【國外部】秘書,展昭國際企業股份有限公司,廣告行銷公關業,台北市內湖區,2年以上,大學,"月薪28,000~40,000元"
Google數據分析 / 網頁工程師 (新竹區),癮房市整合行銷有限公司,多媒體相關業,新竹縣竹北市,經歷不拘,專科,"月薪35,000~40,000元"
設備數據分析工程師,勝麗國際股份有限公司,半導體製造業,新竹縣竹北市,經歷不拘,大學,"月薪32,000~40,000元"
【德商DHL】新竹(竹東)－資料分析專員－KW,DHL_台灣敦豪供應鏈股份有限公司,儲配／運輸物流業,新竹縣竹東鎮,1年以上,大學,"月薪36,000~50,000元"
資訊數據分析師(CRM專案室),中興保全科技股份有限公司,網際網路相關業,台北市大同區,3年以上,大學,"月薪45,000元以上"
數據分析人員,永昇國際開發股份有限公司,電子通訊／電腦週邊零售業,台北市大安區,2年以上,專科,"月薪30,000~35,000元"
GO後端工程師,匯陞資訊有限公司,電腦軟體服務業,台北市大安區,2年以上,專科,"月薪65,000~90,000元"
研究員(研究發展部),英菲斯特數位科技股份有限公司,工商顧問服務業,台北市大安區,2年以上,大學,"月薪30,000~45,000元"
J業務通路數據分析人員,中國人壽保險股份有限公司(總公司),人身保險業,台北市松山區,3年以上,大學,"月薪35,000元以上"
研發工程師(市場研究) A1FRD006,利勤實業股份有限公司,織布業,雲林縣斗六市,2年以上,大學,"月薪32,000~45,000元"
"【工業4.0／智慧製造】大數據分析工程師（Python）☆到職滿6個月，留任獎金最高15,000元☆ - 視訊面試",欣興電子股份有限公司,印刷電路板製造業(PCB),桃園市龜山區,1年以上,大學,"月薪32,000~70,000元"
系統分析師,上洋產業股份有限公司,專用生產機械製造修配業,新北市五股區,經歷不拘,大學,"月薪40,000~60,000元"
V客群經營數據分析人員,中國人壽保險股份有限公司(總公司),人身保險業,台北市松山區,3年以上,大學,"月薪36,000元以上"
SA 系統分析師(台北公館),廣晉軟體股份有限公司,電腦系統整合服務業,台北市大安區,5年以上,大學,"月薪60,000元以上"
清原總部業務拓展經理,清原_丸芋堂國際餐飲股份有限公司,食品什貨批發業,雲林縣斗南鎮,經歷不拘,專科,"月薪40,000元以上"
試務統計分析專員(南區),南一書局企業股份有限公司(總公司),書籍出版業,台南市南區,經歷不拘,大學,"月薪32,000~40,000元"
國網中心/資料科技組/系統程式與資料庫開發工程師/1人(110_09_4),財團法人國家實驗研究院,政府／民意機關,新竹市,經歷不拘,碩士,"月薪38,000~59,000元"
Research Executive,InSites Consulting_中華全球市場調查股份有限公司,工商顧問服務業,台北市中山區,1年以上,大學,"月薪32,000~39,000元"
4S元富證券-數位金融數據分析員,元富證券股份有限公司,證券及期貨業,台北市大安區,1年以上,大學,"月薪35,000元以上"
元大銀行-個金業務部-客群經營資料分析人員,元大金融控股股份有限公司(元大金控) (元大證券) (元大銀行),金融控股業,台北市大同區,1年以上,專科,"月薪38,000~49,000元"
【IT】AI數據分析工程師,日月光半導體製造股份有限公司中壢分公司,半導體製造業,桃園市中壢區,經歷不拘,大學,"月薪38,000~100,000元"
Python講師,伽碩職業訓練中心_伽碩企業有限公司,補習班,台南市永康區,經歷不拘,大學,"時薪400~1,500元"
行銷數據分析企劃（媒體行銷）,PChome Online_網路家庭國際資訊(股)公司,網際網路相關業,台北市大安區,2年以上,大學,"月薪32,000~40,000元"
CRM會員數據分析專員(總公司),新光三越百貨股份有限公司,百貨相關業,台北市信義區,3年以上,大學,"月薪38,000~45,000元"
產品運營主管/經理,面交王有限公司,電子通訊／電腦週邊零售業,台南市北區,2年以上,高中,"月薪33,000~53,000元"
Research Platform Administrator,InSites Consulting_中華全球市場調查股份有限公司,工商顧問服務業,台北市中山區,1年以上,大學,"月薪40,000元以上"
系統分析師(台北),凌群電腦股份有限公司,電腦系統整合服務業,台北市萬華區,3年以上,大學,"月薪28,000~60,000元"
元大銀行-個金業務部-客群經營資料分析人員,元大金融控股股份有限公司(元大金控) (元大證券) (元大銀行),金融控股業,台北市大同區,經歷不拘,專科,"月薪33,000~39,000元"
*急徵/派遣雀巢/SFE Assistant/excel精通/數據分析/38-43K/contractor_201AB,萬寶華企業管理顧問股份有限公司,人力仲介代徵,台北市內湖區,2年以上,大學,"月薪38,000~43,000元"
數位推進部-數據分析師,全鋒汽車股份有限公司,汽車客運業,台北市大安區,4年以上,大學,"月薪35,000~40,000元"
風險控管數據分析專員(越語組),威盺有限公司,電腦軟體服務業,台北市松山區,經歷不拘,高中,"月薪36,000~42,000元"
資料分析專員,社團法人亞太音樂集體管理協會,其他組織,台北市信義區,經歷不拘,大學,"月薪26,000~35,000元"
整合服務二部_ 研究員/ 資深研究員,東方線上股份有限公司,工商顧問服務業,台北市大安區,1年以上,碩士,"月薪36,000~45,000元"
產品經理,嘉亨科技股份有限公司,電腦及其週邊設備製造業,新北市中和區,經歷不拘,專科,"月薪30,000~35,000元"
【核心功能服務】創新與數據分析部 - 程式設計師,安永聯合會計師事務所,會計服務業,台北市信義區,2年以上,專科,"月薪40,000元以上"
Google Analytics Consultant GA顧問,美庫爾數據商務顧問股份有限公司,工商顧問服務業,台北市信義區,1年以上,大學,"月薪30,000元以上"
MK 數位行銷助理【歡迎應屆畢業生】,慧邦科技股份有限公司,網際網路相關業,台北市中正區,經歷不拘,大學,"月薪34,000~60,000元"
資訊部 數據分析工程師(總公司),公勝保險經紀人股份有限公司,人身保險業,高雄市左營區,2年以上,大學,"月薪30,000元以上"
.NET軟體程式設計師 Programmer (C# dotnet),五域網絡科技有限公司,網際網路相關業,台北市中山區,1年以上,專科,"月薪45,000元以上"
多媒體企劃人員(保成出版社),志光教育科技股份有限公司,其他教育服務業,台北市中正區,1年以上,大學,"月薪28,000~35,000元"
商業分析師,第一產物保險股份有限公司,產物保險業,台北市中正區,經歷不拘,大學,"月薪29,000~38,000元"
【杏一醫療用品_數據分析師(AKA資訊處)】★★★2022,杏一醫療用品股份有限公司,其他醫療保健服務業,桃園市龜山區,2年以上,大學,"月薪35,000元以上"
品牌行銷企劃,西伯里品牌形象設計有限公司,專門設計相關業,台北市中正區,3年以上,大學,"月薪35,000~42,000元"
AL-[全台最大零售集團]電商系統分析師，須熟悉電商產業與PL/SQL，月薪70K以上,新加坡商立可人事顧問有限公司台灣分公司,人力仲介代徵,台北市內湖區,3年以上,大學,"月薪70,000~90,000元"
201_派遣美商藥廠/銷售營運專員sales operation specialist(有數據分析經驗加分)/應屆畢業生可,萬寶華企業管理顧問股份有限公司,人力仲介代徵,台北市信義區,經歷不拘,大學,"月薪35,000~45,000元"
【槓桿交易部】自營專案開發人員,群益期貨股份有限公司,其他投資理財相關業,台北市大安區,經歷不拘,大學,"月薪32,000~40,000元"
藥物安全組-統計分析師(學士),財團法人藥害救濟基金會,政府／民意機關,台北市中正區,1年以上,大學,"月薪34,438元以上"
判決資料工程師(Data Engineer),雪谷南榕法律事務所,法律服務業,台中市北屯區,1年以上,大學,"月薪40,000~66,000元"
商控專員【備宿舍】,上禾紡織有限公司,紡織成衣業,新北市三重區,經歷不拘,高中,"月薪28,000~36,000元"
"【工業4.0】智慧製造系統開發工程師（VB.NET、C#）*到職滿6個月，留任獎金最高15,000* - 視訊面試",欣興電子股份有限公司,印刷電路板製造業(PCB),桃園市龜山區,經歷不拘,大學,"月薪32,000~70,000元"
"[好會飛]資深數位廣告優化師 / 廣告投手 (FB, Google Ads)",好會飛網路股份有限公司,網際網路相關業,新北市中和區,3年以上,專科,"月薪42,000~62,000元"
徵 數據處-健康資料加值暨統計中心-專任職員1名,臺北醫學大學,大專校院教育事業,台北市信義區,經歷不拘,碩士,"月薪40,000~42,000元"
"Specialist, Media Operation 資料品管",台灣艾傑比尼爾森媒體研究股份有限公司,工商顧問服務業,台北市松山區,經歷不拘,大學,"月薪37,000~42,000元"
資料分析專員Data Analyst-(竹北公司),台灣矽科宏晟科技股份有限公司,精密儀器相關製造業,新竹縣竹北市,1年以上,大學,"月薪32,000~50,000元"
品牌專員_外商工作氛圍,格博品牌行銷顧問有限公司,工商顧問服務業,台北市大安區,經歷不拘,大學,"月薪35,000~50,000元"
博士後研究人員,國立臺灣師範大學_教育研究與創新中心,其他教育服務業,台北市大安區,經歷不拘,博士,"月薪56,000~58,000元"
理賠企劃人員,國泰世紀產物保險股份有限公司,產物保險業,台北市大安區,經歷不拘,大學,"月薪32,000~50,000元"
璞園建築團隊 董事長室主管助理,璞園建築團隊_璞全廣告股份有限公司,不動產經營業,台北市內湖區,6年以上,大學,"月薪50,000~55,000元"
營運企劃專員,鈊象電子股份有限公司,網際網路相關業,新北市五股區,經歷不拘,專科,"月薪30,000~60,000元"
世新大學知識經濟發展研究院-資料分析師,世新大學_人事室,大專校院教育事業,台北市文山區,3年以上,碩士,"月薪38,000~50,000元"
行為科學家,新穎資訊有限公司,電腦軟體服務業,台中市北區,1年以上,大學,"月薪38,000~80,000元"
大潤發支援辦公室 - 商品績效管理處 價格控管組 商品價格管理專員,大潤發流通事業股份有限公司(總公司),量販流通相關業,台北市內湖區,經歷不拘,大學,"月薪35,000~37,000元"
營運專員,新加坡商必創科技股份有限公司,其它軟體及網路相關業,台中市西屯區,1年以上,大學,"月薪28,000~35,000元"
【2022暑期實習】商品精算實習生,(總公司)南山人壽保險股份有限公司,人身保險業,台北市信義區,經歷不拘,大學,"月薪30,000~32,000元"
國立臺中教育大學科技部計畫誠徵博士後研究員,國立臺中教育大學_測驗統計與適性學習研究中心,大專校院教育事業,台中市西區,經歷不拘,博士,"月薪58,350元以上"
電子商務｜數據專員,炭吉國際貿易有限公司,綜合商品批發代理業,新北市板橋區,2年以上,大學,"月薪36,000~40,000元"
資料科學家 (Data Scientist),安智聯科技有限公司,電腦軟體服務業,桃園市桃園區,3年以上,碩士,"月薪50,000元以上"
920 - 客戶營運/企劃分析人員,安泰商業銀行股份有限公司,銀行業,台北市信義區,2年以上,專科,"月薪33,000~45,000元"
動物展演場所稽查計畫人員,社團法人台灣防止虐待動物協會,社會福利服務業,台北市大安區,2年以上,專科,時薪168~200元
資深媒體企劃／Senior Media Planner,洰和股份有限公司,其它軟體及網路相關業,台北市信義區,2年以上,專科,"月薪35,000元以上"
行銷業務企劃_熟數據分析尤佳,雄獅旅行社股份有限公司,旅遊服務業,台北市內湖區,2年以上,專科,"月薪32,000~40,000元"
碩士級專任助理(計量研究員),國立臺灣師範大學_高等教育深耕計畫辦公室,大專校院教育事業,台北市大安區,經歷不拘,碩士,"月薪36,000~52,000元"
國際經濟研究所誠徵專職計畫輔佐研究員1名（商學、能源產業相關領域碩、博士）,財團法人中華經濟研究院,其他教育服務業,台北市大安區,經歷不拘,碩士,"月薪38,600元以上"
Samsung【三星手機】電商平台 營運專員/資深專員,鵬泰顧問有限公司,電子通訊／電腦週邊零售業,台北市內湖區,2年以上,大學,"月薪35,000~45,000元"
Mobile DRAM Technical Marketing,南亞科技股份有限公司,半導體製造業,新北市泰山區,經歷不拘,碩士,"月薪33,000~58,000元"
數位媒體企劃助理,統一數網股份有限公司,網際網路相關業,台北市大安區,經歷不拘,大學,"月薪28,000~32,000元"
【營運企劃】業務通路企劃人員,國泰人壽保險股份有限公司_總公司_國泰金控,人身保險業,台北市大安區,經歷不拘,大學,"月薪36,000~70,000元"
數據分析系統開發工程師,曜盈科技有限公司,電腦軟體服務業,台中市西屯區,3年以上,專科,"月薪48,000~56,000元"
英文社群經營 儲備幹部,威翼科技有限公司,廣告行銷公關業,台中市西屯區,經歷不拘,學歷不拘,"月薪35,000~50,000元"
BI數據系統分析師(台中台南皆可),葳誠科技有限公司,電腦系統整合服務業,台中市西屯區,經歷不拘,大學,"月薪70,000~90,000元"
【台北】遊戲企劃,向上集團_向上國際科技股份有限公司,電腦軟體服務業,新北市板橋區,2年以上,專科,"月薪40,000元以上"
機率工程師,鈊象電子股份有限公司,網際網路相關業,新北市五股區,經歷不拘,大學,"月薪30,000~60,000元"
網站安全分析平台開發工程師 (Web APP開發人員),耘通科技股份有限公司,網際網路相關業,台北市松山區,1年以上,學歷不拘,"月薪60,000~100,000元"
數據科學實習 Data Scientist Intern,信輝健康科技有限公司,電腦系統整合服務業,台北市大同區,經歷不拘,大學,時薪168~200元
整合服務一部_ 研究員/資深研究員,東方線上股份有限公司,工商顧問服務業,台北市大安區,2年以上,大學,"月薪36,000~45,000元"
"【工業4.0／智慧製造】智能大數據整合工程師（Python）*到職滿6個月，留任獎金最高15,000* - 視訊面試",欣興電子股份有限公司,印刷電路板製造業(PCB),桃園市龜山區,1年以上,大學,"月薪32,000~70,000元"
三商家購-總公司-專案管理專員 A02,美廉社_三商家購股份有限公司,百貨相關業,台北市中山區,2年以上,專科,"月薪33,000~35,000元"
生技行銷企劃專員(台南永康),大成長城企業股份有限公司,農事及畜牧服務業,台南市永康區,3年以上,大學,"月薪32,000~42,000元"
.NET 軟體工程師,愛群生醫國際股份有限公司,藥品／化妝品及清潔用品批發業,台北市信義區,2年以上,專科,"月薪40,000~70,000元"
[幸福企業招募] 系統開發部-資料分析工程 (內湖區),凱擘股份有限公司,多媒體相關業,台北市內湖區,2年以上,大學,"月薪35,000~45,000元"
【營運企劃】業務通路推展企劃人員,國泰人壽保險股份有限公司_總公司_國泰金控,人身保險業,台北市大安區,經歷不拘,大學,"月薪36,000~60,000元"
台北_數位推動業務助理,中華紙漿股份有限公司,紙相關製造業,台北市中正區,1年以上,大學,"月薪35,000~38,500元"
KA通路業務,金車大塚股份有限公司,飲料製造業,台北市大同區,經歷不拘,大學,"月薪35,000~45,000元"
經營企劃人才,中華汽車工業股份有限公司楊梅廠,汽車及其零件製造業,桃園市楊梅區,3年以上,大學,"月薪32,000~55,000元"
Python Engineer,安智聯科技有限公司,電腦軟體服務業,桃園市桃園區,3年以上,大學,"月薪45,000元以上"
【急徵】行銷部－專案管理師,麗水策略整合行銷有限公司,廣告行銷公關業,台北市大安區,經歷不拘,大學,"月薪28,000~31,000元"
阿里巴巴國際站數位行銷助理/專員,勁偉國際股份有限公司,綜合商品批發代理業,台北市中山區,經歷不拘,專科,"月薪27,000~40,000元"
逢甲大學 建築專業學院ROSOCoop機器人建造實驗室 商業分析與規劃師 1名,逢甲大學,大專校院教育事業,台中市西屯區,經歷不拘,專科,"月薪45,000元以上"
資料科學家(工作地點:花蓮),財團法人中華民國佛教慈濟慈善事業基金會,宗教組織,花蓮縣新城鄉,2年以上,大學,"月薪35,000~60,000元"
業務助理,幸運福有限公司,綜合商品批發代理業,台中市西屯區,經歷不拘,高中,"月薪28,000~35,000元"
【2022校徵】商品精算人員,國泰人壽保險股份有限公司_總公司_國泰金控,人身保險業,台北市大安區,經歷不拘,大學,"月薪36,000~70,000元"
"電商行銷企劃助理/專員 28,000~32,000元",朝敏果菜批發行,農／畜／水產品批發業,桃園市平鎮區,2年以上,專科,"月薪28,000~32,000元"
LeadAgileX 市場分析 & 專案執行 | Market analysis & Project Executive,領投肯科技股份有限公司,電腦軟體服務業,台北市信義區,1年以上,專科,"月薪36,000~45,000元"
金門 承攬面訪問卷人員,典通股份有限公司,工商顧問服務業,金門縣金沙鎮,經歷不拘,高中,論件計酬120元以上
廣告優化分析師助理,關鍵數位行銷股份有限公司,廣告行銷公關業,台北市南港區,經歷不拘,大學,"月薪27,000元以上"
大健康產業數據應用規劃師,典通股份有限公司,工商顧問服務業,台北市中正區,經歷不拘,碩士,"月薪35,000~42,000元"
行銷企劃-冰洗產品組,禾聯碩股份有限公司,光電產業,桃園市龜山區,經歷不拘,大學,"月薪30,000~35,000元"
Sr./ Digital Marketing Specialist 資深/數位行銷專員,定承創意有限公司,廣告行銷公關業,台南市東區,1年以上,專科,"月薪35,000元以上"
財管部門資訊人員,臺灣中小企業銀行股份有限公司,銀行業,台北市大同區,1年以上,大學,"月薪33,000~53,000元"
行銷企劃專員,愛德蘭絲股份有限公司,美髮業,台北市中正區,2年以上,大學,"月薪35,000~40,000元"
艋舺雞排總公司行銷企劃專員,元滋品牌股份有限公司,其他餐飲業,高雄市前鎮區,2年以上,專科,"月薪30,000~35,000元"
市場分析專員,登昌恆興業股份有限公司,多媒體相關業,台北市士林區,1年以上,大學,"月薪30,000~40,000元"
【2022暑期實習】投資型商品投資標的實習生,(總公司)南山人壽保險股份有限公司,人身保險業,台北市信義區,經歷不拘,大學,"月薪30,000~32,000元"
【徵才】博士後研究人員1名,國立臺灣大學,大專校院教育事業,台北市中正區,經歷不拘,博士,"月薪60,690~83,200元"
[北區]鏡片業務資訊人員,磐軒股份有限公司,鐘錶／眼鏡零售業,新北市中和區,2年以上,專科,"月薪30,000~40,000元"
行銷企劃,越診所,診所,台北市中山區,3年以上,專科,"月薪35,000元以上"
【2022暑期實習】精算實習生,(總公司)南山人壽保險股份有限公司,人身保險業,台北市信義區,經歷不拘,大學,"月薪30,000~32,000元"
【運營部】數據運營 (工作地點: 菲律賓),Millennium Star Trading L.L.C,網際網路相關業,菲律賓,2年以上,專科,"月薪70,000~100,000元"
資訊專案管理人員(工作地點：花蓮),財團法人中華民國佛教慈濟慈善事業基金會,宗教組織,花蓮縣新城鄉,3年以上,大學,"月薪35,000~40,000元"
"★獎金加碼。最高可領29,000元★【資訊工程類】智慧製造系統開發工程師(新豐廠)",欣興電子股份有限公司,印刷電路板製造業(PCB),新竹縣新豐鄉,經歷不拘,大學,"月薪32,000~70,000元"
市場研究員 (Researcher),CRIF TAIWAN_中華徵信所企業股份有限公司,工商顧問服務業,台北市信義區,1年以上,大學,"月薪30,000~39,000元"
《短租》行銷業務企劃專員,裕隆集團_格上汽車租賃股份有限公司,運輸工具設備租賃業,新北市新店區,2年以上,專科,"月薪35,000~50,000元"
桃園_服務部 營運管理專員,台灣通力電梯股份有限公司,通用機械設備製造修配業,桃園市蘆竹區,3年以上,專科,"月薪28,000~38,000元"
【96自轉車 營運處】 網站平台營運專員(台北),應宏國際股份有限公司,消費性電子產品製造業,台北市內湖區,1年以上,專科,"月薪30,000元以上"
整合行銷企劃人員 A3SD007,利勤實業股份有限公司,織布業,雲林縣斗六市,2年以上,大學,"月薪30,000~40,000元"
(高雄) 營運部 - 營運分析師,菜蟲農食股份有限公司,農／畜／水產品零售業,高雄市三民區,經歷不拘,大學,"月薪32,000~45,000元"
國際品牌行銷企劃,一芝軒企業有限公司,玩具相關業,台中市神岡區,3年以上,專科,"月薪35,000~60,000元"
數位金融企劃專員,陽信商業銀行股份有限公司,銀行業,台北市北投區,2年以上,大學,"月薪33,000~50,000元"
【工業4.0】智慧製造系統設計工程師++熟悉VB.Net、C#++(楊梅儲備)☆到職滿6個月，留任獎金最高11000元☆,欣興電子股份有限公司,印刷電路板製造業(PCB),桃園市龜山區,經歷不拘,大學,"月薪32,000~70,000元"
總公司資訊系統部電腦系統助理分析師/工程師 (AP類),統一綜合證券股份有限公司,證券及期貨業,台北市松山區,經歷不拘,大學,"月薪38,000~43,000元"
DBA 資料庫管理師,樂榮科技股份有限公司,電腦軟體服務業,台北市內湖區,1年以上,大學,"月薪60,000~90,000元"
App產品副理,馬可波羅科技股份有限公司,電腦系統整合服務業,台北市內湖區,3年以上,專科,"月薪50,000~80,000元"
助理研究員,求真民意調查股份有限公司,工商顧問服務業,台北市松山區,經歷不拘,大學,"月薪29,000元以上"
營運部-營運分析師,菜蟲農食股份有限公司,農／畜／水產品零售業,台北市信義區,經歷不拘,大學,"月薪32,000~45,000元"
能環中心誠徵全日專任輔佐研究員1名(碩士畢業),財團法人中華經濟研究院,其他教育服務業,台北市大安區,經歷不拘,碩士,"月薪38,600元以上"
【2022暑期實習】資訊系統實習生,(總公司)南山人壽保險股份有限公司,人身保險業,台北市信義區,經歷不拘,大學,"月薪30,000~32,000元"
國家衛生研究院癌症研究所 江士昇助研究員實驗室誠徵計畫下博士後研究員1名,財團法人國家衛生研究院,其他教育服務業,苗栗縣竹南鎮,經歷不拘,博士,"月薪58,350元以上"
行銷企劃,金恩科技股份有限公司,電腦及其週邊設備製造業,新北市新店區,3年以上,高中,"月薪30,000~50,000元"
保養品行銷企劃專員,願麗醫美_塞席爾商碧麗股份有限公司台灣分公司,藥品／化妝品及清潔用品零售業,台北市大安區,2年以上,專科,"月薪30,000~35,000元"
大數據工程師,新穎資訊有限公司,電腦軟體服務業,台中市北區,1年以上,大學,"月薪38,000~80,000元"
"Analyst, Customer Success",台灣尼爾森愛科股份有限公司,工商顧問服務業,台北市松山區,經歷不拘,大學,"月薪35,000~40,000元"
遊戲企劃專員(數值型),鈊象電子股份有限公司,網際網路相關業,新北市五股區,經歷不拘,大學,"月薪25,250~40,000元"
業務分析師/系統開發工程師,富邦人壽保險股份有限公司(總公司),人身保險業,台北市內湖區,1年以上,大學,"月薪35,000元以上"
E3000 加工營運專員(桃園地區),富邦媒體科技股份有限公司(富邦momo),百貨相關業,桃園市大園區,1年以上,大學,"月薪32,000元以上"
資料工程師 Data Engineer (台南/Tainan),凱鈿行動科技股份有限公司,網際網路相關業,台南市永康區,1年以上,大學,"月薪35,000~60,000元"
資訊工程師-股務系統程式開發及維護(台北),太平洋電線電纜股份有限公司,電力機械器材製造修配業,新北市三重區,經歷不拘,大學,"月薪36,600~50,000元"
電動二輪通路行銷助理,菱威汽車股份有限公司,汽機車及其零配件／用品零售業,桃園市楊梅區,經歷不拘,專科,"月薪30,000~40,000元"
資深商業分析師,海普科技有限公司,家庭電器／設備及用品批發業,台北市松山區,5年以上,大學,"月薪45,000~60,000元"
解決方案工程師 (內容處理),萬象翻譯股份有限公司,其他出版業,台北市松山區,經歷不拘,專科,"月薪35,000~60,000元"
保費帳務系統統計分析專員,(總公司)南山人壽保險股份有限公司,人身保險業,台北市信義區,1年以上,大學,"月薪32,000~42,000元"
廣告優化師,宏虹電子科技有限公司,綜合商品批發代理業,桃園市蘆竹區,經歷不拘,大學,"月薪32,000~50,000元"
資訊系統部AS400系統分析師(COBOL開發工程師),統一綜合證券股份有限公司,證券及期貨業,台北市松山區,經歷不拘,大學,"月薪50,000~70,000元"
DC03  網發部/客戶服務課-資料監看人員,智冠科技股份有限公司,網際網路相關業,台北市南港區,經歷不拘,專科,"月薪26,000~33,000元"
【土城】資料科學家,雲智匯科技服務股份有限公司,其他電子零組件相關業,新北市土城區,5年以上,大學,"月薪60,000元以上"
資料工程師 Data Engineer,永慶房產集團_永慶房屋仲介股份有限公司,不動產經營業,台北市大安區,3年以上,專科,"月薪40,000~65,000元"
Senior Business analysis(保險系統需求),加林軟體科技有限公司,電腦軟體服務業,台北市信義區,8年以上,大學,"月薪40,000~120,000元"
5L新光人壽-資料科學分析師 (數位),新光金融控股股份有限公司(新光金控/新光人壽/新光銀行/新光投信),金融控股業,台北市松山區,3年以上,大學,"月薪36,000~50,000元"
系統分析師(沙鹿院區),光田醫療社團法人光田綜合醫院,醫院,台中市沙鹿區,3年以上,大學,"月薪42,000~56,000元"
★網路廣告投放策劃(高雄),唯樂生物科技股份有限公司,綜合商品批發代理業,高雄市前金區,1年以上,專科,"月薪28,000~50,000元"
【國際事業中心】產品營運人員(泰文),網銀國際股份有限公司,電腦軟體服務業,台中市西屯區,1年以上,大學,"月薪35,000~50,000元"
通路行銷企劃主管,新高橋藥妝_聯橋健康事業股份有限公司,藥品／化妝品及清潔用品零售業,高雄市左營區,3年以上,專科,"月薪40,000~65,000元"
聯播廣告優化專員（數據行銷部）,艾璽媒體有限公司,廣告行銷公關業,台北市中山區,1年以上,專科,"月薪35,000~40,000元"
資料庫管理師,富邦人壽保險股份有限公司(總公司),人身保險業,台北市內湖區,2年以上,大學,"月薪35,000元以上"
資料工程師 Data Engineer（請直接至 Hahow 官網投遞履歷）,思哈股份有限公司,電腦軟體服務業,台北市松山區,3年以上,大學,"年薪980,000元以上"
研發替代役-程式設計師,(總公司)南山人壽保險股份有限公司,人身保險業,台北市信義區,經歷不拘,碩士,"月薪35,000~50,000元"
【總公司】保健商品業務專員,傑昇通信_傑升通信股份有限公司,電信相關業,新北市三重區,2年以上,高中,"月薪32,000~35,000元"
數據工程師 (仁義廠),群浤科技股份有限公司,其他電子零組件相關業,新竹縣湖口鄉,1年以上,大學,"月薪33,000~45,000元"
Business Analyst | CBU_04_04,伊雲谷數位科技股份有限公司,網際網路相關業,新北市三重區,經歷不拘,大學,"月薪28,000~33,000元"
數據工程人員(數商處數據營運組),台北世界貿易中心股份有限公司,會議展覽服務業,台北市信義區,2年以上,大學,"月薪41,709~75,748元"
SA2111-成本管理師,星銘有限公司,其他電子零組件相關業,台北市內湖區,1年以上,大學,"月薪28,000元以上"
資訊系統部軟體設計/程式設計人員 (C#、ASP.NET、WEB ),統一綜合證券股份有限公司,證券及期貨業,台北市松山區,3年以上,大學,"月薪35,000~45,000元"
助理研究員,思多葛市場研究股份有限公司,工商顧問服務業,台北市信義區,經歷不拘,碩士,"月薪34,000~38,000元"
資料工程師,臺灣中小企業銀行股份有限公司,銀行業,台北市中正區,2年以上,大學,"月薪33,000~67,000元"
DC03  網發部/客戶服務課-資料監看人員,智冠科技股份有限公司,網際網路相關業,台北市南港區,經歷不拘,專科,"月薪27,000~35,000元"
Business Analyst (BA) 軟體商業分析師,酷奇鐵克有限公司,數位內容產業,台北市中山區,4年以上,專科,"月薪40,000元以上"
【數據發展部】數據企畫 ( 數據產品與服務應用 ),聯合報股份有限公司,其他出版業,新北市汐止區,3年以上,大學,"月薪38,000~48,000元"
網頁系統全端工程師,凡谷興業有限公司,其它軟體及網路相關業,台中市南屯區,經歷不拘,大學,"月薪32,000~60,000元"
實體通路行銷主管 【高雄】,新高橋生技股份有限公司,百貨相關業,高雄市左營區,3年以上,專科,"月薪30,000~60,000元"
研發替代役-程式設計/系統工程師(SAP),(總公司)南山人壽保險股份有限公司,人身保險業,台北市信義區,經歷不拘,碩士,"月薪35,000~50,000元"
[Server]MES系統架構工程師(桃園),Inventec_英業達股份有限公司,電腦及其週邊設備製造業,桃園市桃園區,1年以上,專科,"月薪35,000元以上"
【AI】iPEBG Machine Learning 工程師,鴻海精密工業股份有限公司,消費性電子產品製造業,新北市土城區,3年以上,碩士,"月薪60,000元以上"
資料庫程式設計,文境資科股份有限公司,專門設計相關業,台北市大安區,2年以上,大學,"月薪40,000元以上"
區塊鏈系統開發工程師,鑒真數位有限公司,其它軟體及網路相關業,台北市中山區,2年以上,專科,"月薪50,000~70,000元"
後端系統工程師,凡谷興業有限公司,其它軟體及網路相關業,台中市南屯區,2年以上,大學,"月薪32,000~60,000元"
數據平台工程師,聯強國際集團_群環科技股份有限公司,電腦系統整合服務業,台北市大同區,1年以上,大學,"月薪30,000~70,000元"
行銷部_數據管理師,日正食品工業股份有限公司,食用油品及榖製品製造業,新北市深坑區,2年以上,專科,"月薪32,000~40,000元"
【IT二組】Node.JS工程師,翼勝專利商標事務所,工商顧問服務業,台北市大安區,1年以上,大學,"月薪60,000~100,000元"
1年短期專案研究員,思多葛市場研究股份有限公司,工商顧問服務業,台北市信義區,2年以上,大學,"月薪33,000~35,000元"
